date,t_min,t_max,t_mean,d_mean,rh_min,rh_max,rh_mean,wind_mean,solar_radiation_MJ,precipitation_mm,wind_2m,et0_mm,water_balance_mm,water_balance_cumsum_mm
2025-05-23,10.426300000000026,20.60555000000005,16.312415000000023,12.187989166666682,59.88232611495939,96.36142355632794,77.85709125122344,1.1138325273260352,16.260892,1.3030171509,0.8330922363705365,2.8592175222776697,-1.5562003713776698,-1.5562003713776698
2025-05-24,10.83734000000004,15.53585000000004,13.221352083333358,7.904404583333353,56.77709800547957,91.84442771856392,71.10339762346656,3.293074529484995,16.937112,0.3044366853599999,2.4630586349364734,2.951577934210806,-2.647141248850806,-4.203341620228476
2025-05-25,9.72067000000004,12.865080000000034,11.044777916666694,8.39169500000002,73.30839602733211,95.7445118389016,83.99114642005738,1.5046533601373906,4.449504,4.3898523084,1.125407098469821,1.1809166466933254,3.2089356617066747,-0.994405958521801
2025-05-26,9.293970000000002,13.26740000000001,11.560578333333355,9.58975958333336,73.41233551166188,96.58438388546652,88.01564556314854,1.8343885637895327,7.00152,6.7459643,1.372032898562162,1.4585373234085721,5.287426976591428,4.293021018069627
2025-05-27,10.07964000000004,17.263760000000048,13.518618750000025,8.998769166666692,56.201325894642856,90.88185983501758,75.23124658438311,2.536873858251431,12.903872,13.654318401,1.8974575298446086,2.6140726308751554,11.040245770124844,15.333266788194472
2025-05-28,10.399680000000046,18.47744,14.329169166666691,8.568035416666689,46.69364336677241,90.85639727280382,70.47889211983292,2.833768087001321,14.889252,2.0247250914,2.119519887449246,3.1273603093786084,-1.1026352179786083,14.230631570215863
2025-05-29,10.449850000000026,16.92043000000001,13.681667500000016,10.901448333333358,75.66957370586935,92.71593511283278,83.41487392913874,2.591229922674925,12.39621,8.458852829451,1.9381132066720588,2.2042658800701136,6.2545869493808866,20.48521851959675
2025-05-30,9.43942000000004,19.419700000000034,14.338768333333364,8.553883750000026,42.06805211981104,94.33289665265076,71.10101371415259,2.264993267836731,17.069762,0.427901743895,1.6941041499266383,3.330136566356136,-2.902234822461136,17.582983697135614
2025-05-31,8.365700000000004,20.220180000000028,15.348954583333352,9.051504166666687,46.850434321040055,89.99412992979782,68.18729844871997,1.5548326032007174,19.26784,0.0694695421265999,1.16293871727015,3.3875022759917948,-3.318032733865195,14.264950963270419
2025-06-01,10.018400000000042,24.385640000000024,18.44553083333336,12.788841250000024,52.85472727461984,92.24869851298544,71.13757034505132,1.118224853234539,24.112116,0.4721944441097,0.8363774812562899,4.124283190579727,-3.652088746470027,10.61286221680039
2025-06-02,13.775959999999998,26.674040000000048,21.35533541666669,12.593931250000018,37.44090019508917,90.97335759110685,60.13118415077606,0.7838696244661194,26.71933,0.000298023221,0.5862961284109266,4.724828654852588,-4.724530631631588,5.888331585168803
2025-06-03,13.62097,28.01583000000005,21.908343333333352,13.71814250000002,40.65871309678551,83.9845655513582,61.72784157158088,2.2703749600006646,25.442688,0.078195334031,1.6981293923668752,5.276365889280993,-5.198170555249993,0.6901610299188103
2025-06-04,16.585350000000005,26.998130000000003,22.43140041666668,15.48840750000003,49.56322545733471,88.61774598246527,66.32152471065739,1.3964588231153374,25.54848,0.281164044881,1.0444828781768785,4.877588582586801,-4.5964245377058015,-3.906263507786991
2025-06-05,14.585100000000011,30.616360000000043,23.809777500000024,14.951635833333354,31.92261632607852,92.7753137215552,61.24451250743241,1.3717461093470895,26.09884,0.023052096161,1.0259989773435998,5.297983853175394,-5.274931757014394,-9.181195264801385
2025-06-06,16.742150000000038,29.862300000000005,23.727871250000018,15.643742083333356,35.959851903501914,91.94234506668414,63.87454622100574,1.516043725038126,24.44672,0.1156777129,1.1339265341438813,5.120878502820882,-5.005200789920882,-14.186396054722266
2025-06-07,15.32504,30.46620000000001,24.00568875000002,14.592335000000022,33.94049732261061,94.27139203472856,59.62994649220289,1.609932985965256,27.282532,0.0004410743809999,1.2041511078010518,5.572386858048614,-5.571945783667615,-19.75834183838988
2025-06-08,17.474760000000003,30.032830000000047,24.696992916666687,15.984975833333351,38.37119759260748,91.72637060446334,61.26277775057374,1.7807862090309416,23.179196,0.128144021962,1.33194095968894,5.083359055171325,-4.955215033209325,-24.713556871599206
2025-06-09,15.5582,23.66990000000004,19.912898333333352,13.17620541666669,51.54236049127279,89.06296119808079,66.39504278308111,1.549983121932231,15.643228,3.712630383322,1.159311542541379,3.332034731850375,0.38059565147162466,-24.33296122012758
2025-06-10,13.541530000000025,22.76446000000004,18.577016250000018,9.093827500000025,41.14622050376578,82.94655096009083,55.351938324937855,1.2734208415526576,23.415552,0.00165700908,0.9524564875805783,4.233622079751959,-4.23196507067196,-28.56492629079954
2025-06-11,12.955650000000048,25.75524000000001,20.152282500000023,10.770682916666692,33.93677881017858,90.65658579772528,57.82214391754109,2.4358455455250345,24.69366,0.17444789557,1.821893294718497,5.077316606677119,-4.902868711107119,-33.46779500190666
2025-06-12,14.31075000000004,24.4606,19.425019166666683,7.8319695833333585,32.22678211391395,79.80481545618605,49.0950292782378,2.078700589415217,29.409972,0.00085830686,1.5547663408053507,5.502801310072949,-5.50194300321295,-38.96973800511961
2025-06-13,13.323300000000016,22.69686000000001,18.17909375000002,5.035025416666692,27.327967383687383,63.96826282966263,43.84980721250699,2.569599227121892,29.442548,0.0017195938999999,1.9219345046765375,5.653517506501963,-5.651797912601963,-44.62153591772157
2025-06-14,10.643640000000005,22.64004,17.82112083333335,7.652819166666691,34.629929022879324,82.29216737538866,53.722616659227775,1.9381492278267505,23.201936,0.0530511141215,1.4496407987889386,4.408942110168903,-4.355890996047403,-48.97742691376898
2025-06-15,12.77224000000001,24.03567000000004,19.300935833333355,7.950722916666692,31.992464649642034,75.89492862897744,49.88663515865949,1.1449501062949858,28.99758,0.0025796843730999,0.8563666630169865,4.9939027035972785,-4.991323019224178,-53.968749932993155
2025-06-16,15.286950000000047,27.63888000000003,21.83317250000003,8.724504583333351,26.60253587956331,63.76475970114677,44.90128522828814,1.1698905991436537,29.488884,0.0021457652730999,0.875020931458366,5.4904613585780275,-5.488315593304928,-59.45706552629808
2025-06-17,16.101400000000012,28.71566000000001,22.525791250000022,13.051282083333351,34.80772484641024,85.87194165326275,56.93960094658143,1.478903652374831,24.680404,1.063346844236,1.1061475768635542,5.070429354431855,-4.007082510195856,-63.46414803649394
2025-06-18,16.71926000000002,27.876670000000047,22.81911125000002,12.87042791666669,39.70361962102453,85.79517100144291,55.33171545690271,1.2203519485243188,25.057476,0.0905454132566,0.9127635519820598,4.922958519627639,-4.832413106371039,-68.29656114286497
2025-06-19,17.333830000000034,28.96640000000002,23.791536250000025,12.046632083333352,33.18791782993418,69.76597821642312,49.33047191694501,2.264485699794404,23.676396,0.0092685223,1.6937245138636587,5.529945723700015,-5.520677201400015,-73.817238344265
2025-06-20,15.824700000000009,24.25884000000002,20.41192625000002,5.190964583333352,22.747760701920008,64.42981308341936,39.26569940011674,3.796048143198569,25.534316,0.0414967553245,2.8392582900946475,6.170903390267825,-6.129406634943325,-79.94664497920832
2025-06-21,12.25613000000004,23.770200000000045,18.95954916666669,4.329327500000024,26.15303407668649,71.74742955045515,39.94740399811058,2.1612102842553824,25.020676,0.003105401925,1.616479555772831,5.04665407326276,-5.04354867133776,-84.99019365054608
2025-06-22,12.38226000000003,27.46682000000004,20.62338166666669,5.947904166666689,24.70655748095792,62.324789744464645,40.48965391410769,1.8122513640615328,29.312032,0.00085830686,1.3554753562243969,5.76839121549878,-5.76753290863878,-90.75772655918486
2025-06-23,14.970240000000048,31.238730000000032,23.92144458333335,8.425010416666689,22.90754256073243,63.19463296701112,39.36561347976646,2.082218506443782,28.861828,0.0004368277038434,1.5573975706292174,6.405787896548674,-6.40535106884483,-97.1630776280297
2025-06-24,15.967200000000048,30.28567000000004,24.20027083333336,10.262293750000028,28.57505356491534,69.44602722938528,43.2225932161276,2.8435569224698227,26.67068,0.2275430296497,2.126841457462554,6.412374164827907,-6.184831135178206,-103.3479087632079
2025-06-25,16.86044000000004,31.791160000000048,25.44717583333336,12.798152500000022,33.95925740128536,71.62972920252216,46.8987835585103,2.585189581464458,25.3042,0.726181273561,1.933595326969309,6.1718201348567625,-5.4456388612957625,-108.79354762450366
2025-06-26,18.71252000000004,32.05000000000001,26.681862500000022,13.01258125000003,30.38708681508229,71.00778126700246,44.81822006305709,1.892611691922247,24.414696,0.001907348661,1.4155809498486664,5.770708987444473,-5.768801638783473,-114.56234926328713
2025-06-27,19.107500000000016,32.18643000000003,25.40593458333335,14.772890833333356,28.20442180993915,96.83734697615692,55.89401928781405,1.7227055267231224,21.362172,12.555465143,1.2884994509103187,5.140487459509056,7.414977683490943,-107.14737157979619
2025-06-28,18.365700000000004,25.27236000000005,21.547042500000018,13.437064166666694,41.55119838346506,96.33182547798,63.12744274891842,3.3055090064871493,20.079592,2.4553246531663,2.472359015379386,4.636455724638968,-2.181131071472668,-109.32850265126885
2025-06-29,15.180930000000046,25.57705000000004,21.455070000000024,11.989076666666683,43.85446966085868,78.72310465370614,55.85304588384057,2.30540392421167,18.48274,0.0210951547765,1.724329343810516,4.265328444676196,-4.244233289899696,-113.57273594116855
2025-06-30,16.525230000000022,27.438559999999995,22.76712333333335,11.048121250000028,26.580987388055224,85.33872101102644,50.74394193216045,2.7422575824259834,21.86106,0.220531217761,2.0510745071629612,5.3402597808923575,-5.119728563131358,-118.6924645042999
2025-07-01,13.857799999999996,27.086150000000032,21.24162416666669,6.774544166666686,25.88511573055208,66.89344215044494,41.09871284275145,2.3654019770046824,29.593248,0.0,1.7692049519050328,6.080237618230872,-6.080237618230872,-124.77270212253077
2025-07-02,14.022550000000024,28.55654000000004,22.41502708333336,8.141517916666691,25.080341324250025,68.69050103687711,42.20494589283492,1.4999663759611284,29.366396,0.0008523463,1.1219014636158906,5.69955057480012,-5.6986982285001195,-130.4714003510309
2025-07-03,17.513329999999996,32.02510000000001,25.518507500000027,9.546327916666687,22.45754814050028,58.23634155351999,38.09829237769216,1.0727028562400032,29.247944,0.000435113801,0.8023292546604349,5.7949825359446825,-5.794547422143682,-136.2659477731746
2025-07-04,21.039180000000044,34.16250000000002,27.73156750000003,11.608305000000025,20.96138172018057,63.7072532001591,38.73639060179434,1.1017080044373395,28.490832,0.0008523463199999,0.8240236864400382,6.0134835422074655,-6.012631195887465,-142.27857896906204
2025-07-05,20.203550000000007,32.085050000000024,26.131992500000024,12.34957125000003,24.38268470555214,79.39444042139831,45.59397493456127,1.786161206788858,26.176264,0.0258564938568434,1.3359611950409989,5.987030504487129,-5.961174010630286,-148.23975297969233
2025-07-06,18.7396,33.02328,26.66301666666668,8.775606250000022,20.477973878016552,50.5886493493227,33.96470591940838,1.3564251093410375,27.786096,0.000941753282,1.014539618916425,5.976058715836669,-5.975116962554669,-154.214869942247
2025-07-07,20.274560000000008,34.26492000000002,28.011701250000023,13.917837916666697,23.23559934779415,75.50071000135645,45.01135545031352,3.1155537949258263,24.131996,0.309228893559,2.3302818106583403,6.928958695315098,-6.6197298017560975,-160.8345997440031
2025-07-08,20.125500000000045,33.30690000000004,26.208520833333363,13.967666250000022,23.396044696688545,81.98825428040615,51.49169595941146,2.291829150640242,23.313692,0.355735419394,1.7141760773226051,6.05950633916969,-5.703770919775691,-166.53837066377878
2025-07-09,13.736230000000036,21.26498000000004,17.994829166666687,14.473444166666686,62.46021363985047,90.68867625920532,80.32289015235774,2.7529975505973767,9.880044,8.803365171251,2.0591074779040244,2.5171270652641837,6.286238105986817,-160.25213255779195
2025-07-10,13.205600000000004,19.096400000000017,15.88805250000002,11.89275791666669,61.26086511218927,92.73483208179655,78.0151141284735,2.106391630282209,8.73255,2.4868124342,1.575477884594337,2.1565137581010805,0.3302986760989195,-159.92183388169303
2025-07-11,12.984640000000011,21.749540000000025,17.236369583333357,10.79152583333336,46.98563097477109,94.95604738436704,68.00348438206416,1.0548136367986627,18.56781,0.39620994527,0.788948993745369,3.3808105521218152,-2.9846006068518154,-162.90643448854485
2025-07-12,14.33850000000001,25.22732000000002,20.23202958333336,9.602198333333362,32.04697310405406,73.91558216321182,52.46871050299848,0.9142866797193752,24.374148,0.0176012508117,0.6838417051078364,4.423112713366523,-4.405511462554823,-167.31194595109966
2025-07-13,15.86850000000004,28.71096,22.897837916666685,11.116319166666688,31.113823197209943,71.97664412979096,49.5524969843834,1.3725869713792234,23.258232,0.0055193900169999,1.0266279010046022,4.8530696868473,-4.8475502968303,-172.15949624792995
2025-07-14,17.711880000000008,28.46172000000001,24.086970416666684,13.733151250000022,36.81750804576433,72.46529679037388,53.95597490033014,0.9186636020570008,18.084366,0.227227802122,0.68711542887619,3.8894073078120646,-3.6621795056900646,-175.82167575362
2025-07-15,18.793900000000008,29.56380000000001,23.71138208333336,15.509613333333355,37.04435935750126,85.91889200779133,62.500820222071376,1.148761075932544,22.913392,0.680664175275,0.8592170818548305,4.745944644009919,-4.065280468734919,-179.88695622235494
2025-07-16,16.947900000000004,26.112700000000014,21.407791666666697,16.591533333333356,52.40969822029985,96.63146746925035,75.35701689774847,1.4420882245934548,18.223432,14.046765222725002,1.0786114380717062,3.735059358406324,10.311705864318679,-169.57525035803627
2025-07-17,14.174830000000044,24.536370000000037,18.160561666666684,13.502885416666688,41.52265692099874,97.83656720696275,77.04076668413576,1.6422182158637462,15.298202,6.014532447615,1.2282988802156718,3.377720975501467,2.636811472113533,-166.93843888592275
2025-07-18,13.01373000000001,21.580100000000016,17.677085000000023,11.382391666666685,46.344530024003085,93.15966486803848,68.8710962805597,2.397252678713691,16.090508,0.60870550885,1.7930277184931391,3.4162671455479523,-2.8075616366979523,-169.7460005226207
2025-07-19,14.15450000000004,24.59480000000002,19.51746333333336,12.510881666666686,43.356411831478624,86.20939517299132,65.61503182312889,1.7157585229449703,19.661974,0.7002798314,1.2833034319652543,3.9850285916058916,-3.2847487602058916,-173.0307492828266
2025-07-20,14.30654000000004,28.375699999999995,22.62892166666669,13.039548333333356,38.07308287374197,84.03610227824491,57.14547574088545,1.7737429789901042,22.67288,0.095599892167,1.3266729682072405,4.763998249572869,-4.668398357405869,-177.69914764023247
2025-07-21,18.36324000000002,30.87002000000001,25.059850416666688,15.158710833333354,34.51894705283859,80.38998555533736,56.59425215033362,1.0124610306187245,25.654166,0.037312507805,0.7572713164169197,5.116542046871576,-5.079229539066576,-182.77837717929904
2025-07-22,20.013400000000047,31.543180000000007,26.34462541666669,12.408896250000025,25.58248977556764,73.17076543523177,44.70764980197324,2.882410432870927,25.833006,0.0225752595,2.1559019823411085,6.523481289627155,-6.500906030127155,-189.27928320942618
2025-07-23,19.145039999999995,30.58584000000002,25.099648333333352,12.362720416666688,28.49766623146307,67.29939369852002,47.06478818076556,1.2742762210167622,26.45138,0.0012847322378999,0.953096269570432,5.416433902015361,-5.415149169777461,-194.69443237920365
2025-07-24,21.059529999999995,31.39556000000005,26.431360000000023,14.821079583333358,34.459020134438205,66.23959343489093,50.27985005424213,0.6941403843194663,21.036336,0.0509321689619999,0.5191830467692348,4.364597719640614,-4.313665550678614,-199.00809792988227
2025-07-25,20.10378000000003,33.58730000000003,27.450732500000026,15.23924166666668,29.76328786158748,77.6043063917864,50.08189952688141,1.9244424716302584,23.694696,0.086486339384,1.4393888157547075,5.731307861364156,-5.644821521980156,-204.65291945186243
2025-07-26,20.78884000000005,37.01220000000001,28.85724583333336,17.056352500000028,24.888737965961116,81.22166463235372,52.59040897252709,1.8108441283518528,24.349412,1.30847094133,1.3544228127623268,6.123678032991563,-4.815207091661563,-209.468126543524
2025-07-27,19.525840000000017,30.06960000000004,24.789140416666687,18.059315833333358,41.66692416921032,93.99982101397364,68.4139302114383,1.5707900301404696,18.20922,6.244391223800999,1.1748740919066514,4.200303077919011,2.0440881458819886,-207.424038397642
2025-07-28,18.255300000000037,25.50533000000001,21.398653750000022,15.892163750000025,48.56117079448122,96.66259325981436,72.74949624963115,1.6509377642289769,12.077626,1.15990639696,1.234820675790425,2.9601075840606264,-1.8002011871006263,-209.22423958474263
2025-07-29,17.237570000000005,22.621880000000036,19.354204166666687,16.664419583333355,67.74973900533917,96.0758613506162,84.9474552128547,1.3118872815048108,9.885382,20.3988849875,0.9812275027006745,2.2091565609552686,18.189728426544733,-191.03451115819792
2025-07-30,16.823200000000043,22.20486,19.035964166666684,16.216923333333355,70.18897390052481,94.315340591143,84.17551240737804,1.4738214329318426,15.110776,22.97227068837,1.1023463253669317,2.8775350317308663,20.094735656639134,-170.93977550155878
2025-07-31,15.347830000000044,22.81967000000003,19.013900833333363,14.062989583333351,52.65939321813924,95.34549543791336,74.43222993533475,1.074547513253498,14.996256,0.2147078495982,0.8037089678569945,2.9377268114043598,-2.7230189618061598,-173.66279446336495
2025-08-01,13.987850000000035,25.79177000000004,20.254373750000024,11.822297083333352,37.34092540188716,85.6932223376868,60.95401098435224,1.1937357401299546,25.728046,0.03019273202,0.892855930296601,4.570075967809806,-4.539883235789806,-178.20267769915475
2025-08-02,15.322170000000028,27.16506000000004,21.78198791666669,13.10233541666669,36.58812177031557,81.67938901749102,60.5175882503328,1.207762028966372,22.638668,0.00770092001,0.9033469081124155,4.353122072580413,-4.345421152570413,-182.54809885172517
2025-08-03,15.83474000000001,28.69644,22.81784083333336,14.00868333333335,34.527936122697064,87.10278883456728,60.5957038318133,1.2623080718826765,22.231998,0.229781869815,0.9441446795578223,4.445097186498709,-4.21531531668371,-186.76341416840887
2025-08-04,18.34298000000001,27.548850000000016,22.270640000000014,15.70655625000002,44.76449046360609,87.16109845803697,67.93037336612527,0.991961056407636,19.548048,0.8600592606248,0.7419383386648208,3.8997183426979936,-3.0396590820731935,-189.80307325048207
2025-08-05,17.9289,28.095970000000023,22.34744416666669,16.24104875000003,43.82442600278745,88.14733353644897,70.41987129614708,0.9915479375840532,19.733662,0.364444724503,0.7416293459965502,3.9380103602524423,-3.5735656357494423,-193.37663888623152
2025-08-06,18.271540000000016,26.184380000000036,21.632871250000026,17.627232500000023,60.40321192932591,93.00732266686752,78.88885477198916,1.082186525392688,18.562928,8.404163881594,0.8094225751997225,3.590542320733247,4.813621560860753,-188.56301732537077
2025-08-07,17.54128000000003,25.1644,21.279930833333356,15.410622916666696,53.932784441103294,84.09795767971988,70.03465406971598,1.1236308213070862,17.70765,0.466005874484,0.8404208808884752,3.479956633290665,-3.013950758806665,-191.57696808417742
2025-08-08,17.17312000000004,28.54562000000004,22.719669166666687,14.847255416666686,38.698041549833775,87.40919497969708,63.54900322796329,1.1882996528792062,24.26299,0.02732872985,0.8887900029926971,4.628735704222526,-4.6014069743725265,-196.17837505854996
2025-08-09,17.374400000000037,29.90963000000005,24.06436750000002,14.754978333333357,36.008329685024265,81.54584829532598,58.19436143825487,0.6561862806274309,24.92802,0.0012874602895,0.49079523410574116,4.5269612440016616,-4.525673783712161,-200.70404884226213
2025-08-10,18.569180000000017,31.88403,26.171404583333352,15.00720666666669,32.25054496806302,82.34597461662,52.586060216980776,0.6829247852325473,24.329726,0.00085830686,0.510794327373521,4.607636799558147,-4.606778492698147,-205.31082733496027
2025-08-11,19.09924000000001,28.4443,24.13269541666669,14.63638583333336,42.93954981945863,79.22092913356387,56.48923130140758,2.4195272412934563,22.73251,0.01843273634,1.8096880015235703,4.996207921431111,-4.977775185091111,-210.28860252005137
2025-08-12,18.39697000000001,28.84646000000004,23.45016958333336,12.783260416666684,33.03834007029603,74.28473217868786,52.89993117134773,1.4630455220570449,21.840636,0.001284636285,1.0942864712422127,4.563520413222699,-4.562235776937699,-214.85083829698908
2025-08-13,17.76583000000005,30.48922000000005,24.330090000000023,14.075235416666692,33.60309975214903,77.65460266553028,55.2177982990458,1.1192870403980664,24.092898,-7.456947e-06,0.8371719452872798,4.70522449740507,-4.705231954352071,-219.55607025134114
2025-08-14,17.88986,31.529600000000016,25.026587500000023,13.15430958333336,27.708728708367502,76.60057806304751,50.91742314885661,1.709215826869762,24.406592,0.00042617322,1.278409815401305,5.242632745314547,-5.242206572094547,-224.79827682343569
2025-08-15,18.50540000000001,31.48803000000004,25.31818875000002,12.899400416666696,29.26565477091595,67.7938605762383,48.25077947439968,1.111590800906601,23.154734,0.0025678098039999,0.8314155346848882,4.667210015526101,-4.664642205722101,-229.46291902915777
2025-08-16,18.904800000000023,30.481160000000045,24.98276208333336,14.30988250000002,34.3468322517661,74.26570757807906,53.09119788733627,0.9995529506422216,20.696134,0.007863020003,0.7476167041201406,4.197792669260874,-4.189929649257874,-233.65284867841564
2025-08-17,18.69326000000001,30.06740000000002,23.18958833333336,16.33933250000002,37.97003469653757,93.23817398085784,67.21483698132239,1.1468410786030372,19.88728,10.1084708664,0.8577810177879063,4.083750456290518,6.024720410109482,-227.62812826830614
2025-08-18,16.948660000000018,20.55110000000002,18.62957333333336,16.80772166666669,78.19078392471181,96.32132896847394,89.30825085195539,0.9049022754751568,6.562694,18.8581589196,0.6768226298635626,1.5067561331297823,17.351402786470217,-210.2767254818359
2025-08-19,15.751670000000049,23.574600000000032,19.545243750000022,14.121340000000025,53.86105628606648,91.78346999468096,72.02459753925979,1.0624213210288211,16.269632,0.658947222042,0.7946391693448543,3.0227092055683435,-2.3637619835263437,-212.64048746536224
2025-08-20,14.76522,25.526940000000025,20.36925500000002,12.952820416666688,40.05123911685181,93.13896313451328,65.13502879471697,1.024335338821593,19.96015,0.059756635619,0.7661527180041308,3.591953535290095,-3.5321968996710953,-216.17268436503335
2025-08-21,15.471339999999998,29.42593000000005,23.49025666666669,12.454627500000022,34.639583820949774,74.88162890095944,51.77306477935162,1.829796468077548,21.157232,0.0155655317747034,1.3685982356371087,4.541280861053944,-4.525715329279241,-220.6983996943126
2025-08-22,16.722680000000025,25.84103000000005,21.14281125000002,14.146471250000026,49.06014167201324,76.54114750999757,64.92659386752398,2.664425594029559,13.904144,2.025052934151,1.9928599877593967,3.6064161186875996,-1.5813631845365994,-222.2797628788492
2025-08-23,12.711659999999997,18.863500000000045,16.493139166666683,10.174037083333353,54.897364953063885,82.99872609566857,66.65203171240618,1.809635625543586,5.603386,0.8905172547,1.3535189117875404,1.8435939846244174,-0.9530767299244174,-223.23283960877362
2025-08-24,11.743800000000022,18.88076000000001,15.080382500000026,5.44008166666669,38.5994609470953,79.93476535219918,53.92127392702324,2.986350787428588,20.439722,0.340491536861,2.233644282285849,3.765350973300187,-3.4248594364391867,-226.6576990452128
2025-08-25,10.143330000000049,20.724500000000035,15.135364583333358,5.094987083333353,31.775027370827683,68.60025712655657,52.786790029732806,1.322841118501707,21.124528,0.033348799867,0.9894204368597175,3.4613853438919326,-3.4280365440249327,-230.08573558923774
2025-08-26,9.13497000000001,23.36343000000005,16.803418750000024,6.092211250000027,31.7868254301948,74.73357684165369,51.744319495468666,1.9259183089768392,20.730812,0.0008523463,1.4404926698848557,3.85509495378259,-3.85424260748259,-233.93997819672035
2025-08-27,10.445500000000038,25.90145000000001,19.222011250000023,7.321532500000022,25.897196282386854,76.84545902331409,48.64328767748071,0.8900813080963154,22.750172,0.0,0.6657372713775292,3.6680694447225157,-3.6680694447225157,-237.60804764144285
2025-08-28,11.93300000000005,28.13015000000001,20.793522916666696,8.389233750000022,26.89813849021001,79.36954668568049,48.22661831267637,1.9256456310504717,22.57634,0.0008634881945,1.4402887201366545,4.517425327068268,-4.516561838873768,-242.12460948031662
2025-08-29,12.622770000000004,29.70278000000002,21.62703166666668,8.202370833333354,25.83756918768017,76.13839934448235,45.51078790871653,2.1957508592337582,22.363548,0.0017040895334434,1.6423142159648265,4.859102654361838,-4.857398564828395,-246.98200804514502
2025-08-30,14.005580000000007,31.00890000000004,23.09146166666669,10.049013333333356,27.426423666128088,65.99037796775094,45.7771140549766,1.4768064727297938,21.665194,0.0017672941903,1.1045789890932285,4.405902923047456,-4.404135628857156,-251.38614367400217
2025-08-31,16.932000000000016,22.64968000000005,19.702258333333354,16.296052083333354,57.00217631692507,95.2777958160588,81.75397489178879,1.542774502482862,7.768598,33.530585453300006,1.1539198478737467,1.9980179265890983,31.532567526710906,-219.85357614729128
2025-09-01,16.232259999999997,24.081380000000024,19.60301583333335,16.219983750000022,62.12092165098965,96.78830404541448,81.88931210774122,1.7408786299155512,11.743454,2.5516845236,1.302092042982234,2.4617246312106347,0.08995989238936541,-219.7636162549019
2025-09-02,16.964380000000006,27.20974000000001,21.650582500000024,16.454807500000026,48.74175627579226,93.90983664705178,74.08826042439965,0.8309638945833361,19.575314,0.0019989624986,0.6215203383793484,3.432938338604416,-3.4309393761058162,-223.19455563100772
2025-09-03,16.395140000000026,29.34835000000004,23.113577916666696,15.442366250000028,38.11954930775984,87.94681029609903,64.432377101461,0.8705625399125991,19.537358,0.00042617322,0.6511381877285648,3.554367544875859,-3.553941371655859,-226.74849700266358
2025-09-04,18.131070000000022,28.759420000000038,22.95825333333336,16.188522083333357,44.91329179311553,84.74848093287773,67.1899093777207,1.0861747847393617,18.848046,0.01900792136,0.8124055980661159,3.573961204586956,-3.554953283226956,-230.30345028589053
2025-09-05,16.085530000000006,28.252400000000023,21.866657083333354,11.686440000000028,30.73189789983921,75.31009434392945,54.92290265682999,1.23212509763998,20.890394,0.0,0.9215692915212311,3.8418747323170934,-3.8418747323170934,-234.14532501820761
2025-09-06,14.741480000000024,27.85660000000001,21.23432666666669,12.402521666666688,36.07381353903472,73.08628499341297,58.77313366251207,0.9674169235544964,20.449344,0.00085830686,0.7235805281082504,3.532348889557719,-3.5314905826977188,-237.67681560090534
2025-09-07,16.070100000000025,27.00594000000001,21.42889208333335,13.343316250000024,39.57926068095897,80.48852885631052,61.91284266183185,0.819410591845351,17.626898,0.003838539158,0.6128790331747317,3.1135514459708906,-3.1097129068128906,-240.78652850771823
2025-09-08,15.551350000000014,26.73403000000002,20.59002958333335,12.743454166666686,38.859007120183726,81.60620694124961,62.56515729866458,1.1895723984889317,17.962208,0.46095549794,0.8897419544399064,3.3074622194234733,-2.846506721483473,-243.6330352292017
2025-09-09,13.6601,22.439900000000023,18.38542625000002,13.450857916666685,56.42256728864322,93.21376451363562,74.09987502015399,1.3402396919688753,12.449342,1.0224997554200002,1.0024337185908745,2.3423689829197842,-1.319869227499784,-244.9529044567015
2025-09-10,13.271749999999995,21.749600000000044,18.388492916666685,13.549107916666692,62.03763931057387,93.29904599551163,74.29810655278122,1.589734815973591,9.735494,5.0191222817677,1.189043864839361,2.0274422612858465,2.9916800204818537,-241.96122443621965
2025-09-11,17.095799999999997,21.50740000000002,18.785820000000022,13.600705833333356,59.218021492665535,88.03831116155617,72.37309075113767,2.0299543405577394,5.456566,3.214210232593,1.5183065315619961,1.8326713176072895,1.3815389149857105,-240.57968552123396
2025-09-12,15.33680000000004,22.19766000000004,18.48010791666669,14.515299583333354,58.61003399723007,97.13360164452637,79.0232585798811,1.3396348654218084,10.860814,2.264592093594,1.0019813379247058,2.123457813441898,0.14113428015210205,-240.43855124108185
2025-09-13,14.632200000000012,24.73678000000001,19.72660958333335,14.32940083333336,51.72196051265089,97.39046597565718,72.86002063115748,1.8245708447038045,14.230338,0.111359361224,1.3646897250162944,2.774108622200082,-2.6627492609760823,-243.10130050205794
2025-09-14,15.163960000000031,24.55468000000002,19.201987500000023,11.292667916666687,40.36676612637041,76.43300919752595,61.70939674441552,2.4826820239218232,15.815006,0.169271223542,1.8569246890924553,3.492235894625542,-3.322964671083542,-246.4242651731415
2025-09-15,14.329200000000014,22.336270000000013,18.262990000000027,9.736620833333356,37.80716344350106,81.53025289676114,59.14213227395242,2.1437216193833906,16.75213,0.195466246025,1.6033988900785732,3.2163503045238078,-3.0208840584988077,-249.4451492316403
2025-09-16,13.117460000000053,24.625879999999995,18.84021125000002,10.957887083333354,43.99555302437016,77.87080530733563,61.497772799354415,0.9480811395840528,17.932118,0.043660402,0.7091183076983419,2.8363280943636795,-2.7926676923636795,-252.237816924004
2025-09-17,12.290549999999996,18.615380000000016,15.679835416666691,9.352309166666693,44.89684746018136,93.84163212742769,68.21013546246175,2.3204690219858595,10.553486,3.7688345018,1.7355972998882312,2.2818207369999897,1.4870137648000101,-250.750803159204
2025-09-18,9.605200000000025,18.6293,14.441102916666692,6.358027083333357,37.83586789000443,86.4257031724823,60.35015357529445,1.8332104610539133,14.03631,0.0339299442399999,1.371151735354397,2.485359339529385,-2.451429395289385,-253.20223255449338
2025-09-19,9.049599999999998,21.45907,15.654025416666686,9.219328750000022,50.87279484502686,81.6961979456185,66.566073758211,1.1158972581147444,10.740828,0.00129044057,0.8346365539838838,1.9928713843784083,-1.9915809438084082,-255.19381349830178
2025-09-20,12.86083000000002,24.357140000000012,18.42927208333336,12.113463750000022,47.57975562246898,84.68400794204582,68.11391632215022,0.7953921610543766,17.357062,0.0015467405811,0.5949144220407755,2.5966286201467237,-2.595081879565624,-257.7888953778674
2025-09-21,12.296780000000012,26.590480000000014,18.95227208333335,12.383056666666691,41.57991098921836,91.23921802955078,68.27197527123788,1.3790339372755238,17.136108,0.0008523463,1.0314499160783113,2.954899006025463,-2.954046659725463,-260.74294203759285
2025-09-22,11.718260000000043,26.866420000000005,19.01141833333336,8.850205833333353,28.642406231487104,90.8342991164704,56.75213109057025,1.9648291880099995,17.578382,0.001704692739,1.4695961036934375,3.4330633930488097,-3.4313587003098096,-264.1743007379027
2025-09-23,11.641350000000044,26.050040000000024,18.71670166666669,9.559061666666688,35.18131287104102,77.14310208008682,57.59589347516607,1.033566991445606,17.406432,0.0,0.7730575425098384,2.754549078800733,-2.754549078800733,-266.9288498167034
2025-09-24,11.409880000000044,25.53707000000003,19.11142458333336,10.59102250000002,38.32566660585519,88.03420733957955,60.24204765665095,2.186979985908049,16.080302,0.0,1.6357540318307005,3.1650302091977447,-3.1650302091977447,-270.09388002590117
2025-09-25,10.65518000000003,16.954600000000028,14.910369583333356,8.662410416666688,56.09211477650408,78.3244669245234,66.47633491175172,2.966451770858979,4.4831125,2.01004742975,2.218760791447825,1.8721311777111038,0.13791625203889635,-269.95596377386227
2025-09-26,10.534100000000024,15.09823,12.722921666666684,2.01978500000002,38.28338100406286,72.11181352552389,48.909817386891774,3.3590706693573087,8.3799035,0.016295816801,2.5124205187109045,2.499757917275912,-2.483462100474912,-272.4394258743372
2025-09-27,9.729399999999998,16.23974000000004,12.658635416666693,1.8285500000000208,38.83374768703934,66.42325035506242,48.55022440553413,1.866395934593412,8.3155095,0.0,1.3959728459682224,2.0527665006279947,-2.0527665006279947,-274.49219237496516
2025-09-28,7.718299999999999,17.374400000000037,12.582560833333352,3.706083750000014,36.6713643387691,80.84311022760699,56.25851280200774,0.8131406579044776,14.332328,1.238176834239,0.6081894293424235,1.8477673349599433,-0.6095905007209432,-275.1017828756861
2025-09-29,7.159420000000011,13.25723000000005,10.118923333333347,7.893217500000023,71.16583853016549,95.38589774070358,86.4193413197212,1.2209593233050595,6.0933325,14.147709680999998,0.9132178386023447,1.0781689699457424,13.069540711054255,-262.0322421646319
2025-09-30,6.38784000000004,12.876280000000008,9.04848708333336,6.415116666666691,64.54774168148542,96.82727707773748,84.40822883728838,1.0780901518105308,10.757704,5.565407727,0.8063586881746586,1.3396813997835624,4.225726327216438,-257.8065158374155
2025-10-01,6.11318,12.79208,8.872649583333358,5.271086666666695,55.75036432885908,94.76146647196256,79.37650939183104,0.936798032440442,11.533582,1.922190186,0.7006790955790432,1.3920353358526922,0.5301548501473077,-257.27636098726816
2025-10-02,4.548519999999996,9.545000000000016,7.286340833333355,4.359657500000028,66.21076328009985,94.18766436596115,82.1770919686043,1.7092819998913191,5.059229,3.64617399107,1.2784593095839258,0.9943054095117582,2.651868581558242,-254.62449240570993
2025-10-03,4.137960000000021,9.526100000000042,6.487955416666689,3.2974500000000213,56.18866309713975,94.76187787547468,81.13345611631624,1.398726565001308,6.232517,10.7388673192,1.0461790381586937,1.0756636599245637,9.663203659275437,-244.9612887464345
2025-10-04,5.652950000000033,10.13390000000004,7.683813333333362,4.961510833333354,69.57098390110139,95.10483254961994,83.38527900261428,1.4931663145708454,4.2819805,10.36270242334,1.1168153503878204,0.9106734957444198,9.452028927595581,-235.5092598188389
2025-10-05,4.785940000000039,11.509119999999996,8.541325416666693,5.169616250000026,62.96350025113435,93.00604857432528,80.07303278964228,1.1185246450185498,5.932354,3.406003564904,0.8366017108434672,1.0182323900147146,2.3877711748892856,-233.12148864394962
2025-10-06,7.845540000000028,9.535200000000032,8.543059166666689,7.256283750000023,84.33161287183778,95.96140816332748,91.6933343842906,0.8349142616689944,2.570245,5.242714241,0.6244750196883745,0.6648591539871854,4.577855087012814,-228.5436335569368
2025-10-07,7.670299999999997,11.66912000000002,9.336728333333356,6.65074750000002,64.26419665545693,95.45808729325827,84.08746910498881,1.97375939240478,4.453544,5.7901740041,1.4762754596719834,1.0666651557939713,4.723508848306029,-223.82012470863077
2025-10-08,7.933680000000038,11.236540000000048,9.594665416666688,7.4080350000000195,78.53320961850748,91.15596679278114,86.33952124525246,2.3903995749827853,3.050928,7.837516288399999,1.7879019321893708,0.8991022684092029,6.938414019990796,-216.88171068863997
2025-10-09,7.442530000000033,14.161280000000032,10.259576250000029,5.6026454166666895,49.145588346115495,90.76122388916042,74.35775919027428,2.063889596241564,7.2090835,0.24310647840025,1.543688442536812,1.4951067561976832,-1.2520002777974333,-218.1337109664374
2025-10-10,8.149620000000027,14.801570000000028,11.279180833333356,7.605403750000025,60.677401371793614,93.45743114444753,78.83153850551201,2.2822939429728075,6.078868,4.55512108304,1.707044208495798,1.338254441055317,3.2168666419846836,-214.9168443244527
2025-10-11,8.647360000000049,13.297020000000032,10.709372083333358,6.458898333333359,50.984877886474855,92.66764623496368,76.36108900444512,2.540766185797849,7.890484,2.7843148166,1.9003688004178576,1.5280292535677698,1.25628556303223,-213.66055876142048
2025-10-12,9.567380000000014,13.822720000000004,11.547132916666682,8.392996250000026,64.96099025938595,94.1999995257231,81.57770219450286,1.5647549867769837,5.52132,0.4709793721003,1.1703601747342471,1.0940850854997062,-0.6231057133994062,-214.2836644748199
2025-10-13,7.934300000000007,13.00723000000005,10.691185000000024,7.598221666666686,72.21955661445162,92.39546364515348,81.37920586711202,1.447721433880383,5.062938,1.94560292331,1.08282480301451,0.9598314062595262,0.9857715170504738,-213.29789295776942
2025-10-14,5.70553000000001,11.126860000000022,8.44019208333336,3.755140833333359,59.2429463501701,89.10234414620012,73.18768181297331,0.9332587690536124,6.67899,0.137627124522,0.6980318997235615,0.9665026623238671,-0.8288755378018671,-214.1267684955713
2025-10-15,5.466030000000046,10.903470000000029,7.528975833333358,3.1754608333333607,58.10015260899936,82.50426432202181,74.35161576965228,0.5926582675728135,7.628782,0.1763254394799999,0.443279388438257,0.917492491322319,-0.7411670518423191,-214.86793554741362
2025-10-16,2.578330000000051,12.476530000000023,7.10493083333336,2.090180000000018,47.10840111608229,92.52074549159548,72.16085979131377,0.7774329425562101,12.417876,0.0017195938999999,0.5814818052558959,1.0969462822870006,-1.0952266883870008,-215.9631622358006
2025-10-17,1.6480300000000057,13.329700000000004,8.116052083333356,3.813858750000021,58.468939902078496,92.80376598056148,75.23426887554629,0.7645604411046062,11.318338,0.00085830686,0.5718538039550678,1.023416951620199,-1.0225586447601989,-216.98572088056082
2025-10-18,6.159270000000049,10.84250000000003,8.891576250000028,6.102386666666686,76.0489778429355,90.6129786247552,82.74572717246097,1.3897734613450774,2.80252,1.88905304492,1.0394825546529258,0.7645064299412111,1.1245466149787888,-215.86117426558204
2025-10-19,2.5488000000000284,10.56698,6.168937500000024,-0.5128787499999726,41.91298349004919,84.23087963774437,64.07492822159469,1.7392350394627425,8.979896,0.0180006024,1.30086271773592,1.2601137819111101,-1.2421131795111102,-217.10328744509314
2025-10-20,0.3901600000000371,9.09450000000004,4.43528166666669,-1.4694237499999758,49.415677879924566,81.78533587170465,66.29093485523319,1.153453386968497,12.277724,0.0017166136999999,0.862726700939194,1.0124771937104724,-1.0107605800104724,-218.1140480251036
2025-10-21,-1.0793199999999956,11.732079999999996,4.685713333333356,0.3342104166666928,53.548521861290574,91.00056320513514,74.69254440480596,1.2062988305329247,9.716616,0.0,0.9022525072709346,0.9927507015928536,-0.9927507015928536,-219.10679872669647
2025-10-22,0.4843400000000315,15.269620000000032,7.788034583333354,3.602515833333347,53.97306612077468,94.65864177656816,76.8342652330287,0.8815404638370886,10.963008,0.000855887719,0.6593491377309986,1.0091742355428244,-1.0083183478238245,-220.1151170745203
2025-10-23,3.606700000000046,18.45736000000005,10.978436250000028,7.264774166666688,57.4475356896542,97.82021084073222,79.54126518375504,1.6670882551754411,9.1191,0.000852346319,1.246900452858323,1.2819012864137376,-1.2810489400947376,-221.39616601461503
2025-10-24,6.880640000000028,12.449580000000026,10.07616916666669,7.258385000000023,69.1880322664703,90.00131437196555,82.85431087127346,3.430756924159013,4.633836,4.04285780162,2.5660383300646026,1.1482462674390583,2.894611534180942,-218.5015544804341
2025-10-25,4.12814000000003,12.584130000000016,7.655812500000027,1.6218191666666872,43.54443387871129,88.7778004266956,67.44181584540489,2.2873795976127678,11.460092,0.272586938,1.7108480293516888,1.3847720107071815,-1.1121850727071814,-219.61373955314127
2025-10-26,5.242999999999995,14.551480000000026,9.736860000000016,6.346714166666698,60.22021965493131,95.05720923184248,80.3766583838411,1.55641515229793,7.628452,5.754426186755,1.164122386568916,1.0248551902785192,4.729570996476481,-214.8841685566648
2025-10-27,6.224700000000041,11.781270000000006,8.314924166666692,3.041862083333361,48.16026125772097,98.92720870214008,71.58856291464947,2.0509465452711053,9.212528,0.4000693559,1.534007673647504,1.1292925593619272,-0.7292232034619273,-215.61339176012672
2025-10-28,5.808280000000025,11.19448,7.858718750000025,2.400056666666688,56.17910360311334,78.45365317124778,68.65581452271839,3.2411744625864096,8.546152,0.2972781623915,2.4242399240983885,1.4034745067346415,-1.1061963443431415,-216.71958810446986
2025-10-29,4.046700000000044,15.11196000000001,9.056896666666686,2.3891425000000246,47.79947024277467,86.07705634638546,64.13127670113143,2.64303139204932,10.311816,0.000852346319,1.9768581713859166,1.4943918079207703,-1.4935394616017703,-218.21312756607165
2025-10-30,2.353360000000009,17.786460000000034,9.871173750000024,3.9372000000000256,45.02719303356511,88.20202066888737,68.49360922244769,1.6345649192260268,9.889916,0.0004351138,1.2225745887669104,1.2947587459112047,-1.2943236321112046,-219.50745119818285
2025-10-31,8.483400000000017,17.614160000000027,12.321686666666688,6.436479166666696,54.34458869932694,84.7525303273588,68.07563496005153,1.090137544597629,8.890588,0.0,0.8153695485627391,1.018119589728767,-1.018119589728767,-220.52557078791162
2025-11-01,5.720850000000041,16.911100000000033,10.542012500000023,5.997327916666689,54.59915928797907,89.75571913590856,74.68151446191747,1.0285011027640016,9.657644,0.0008523463,0.7692685056237512,0.919549631881674,-0.9186972855816741,-221.4442680734933
2025-11-02,5.131619999999998,19.344539999999995,10.917137500000022,7.068617500000021,52.6677932568785,91.4946007585765,78.83593787899095,1.3431449355474503,9.602172,0.000435113801,1.0046066986490945,1.0992973507372514,-1.0988622369362515,-222.54313031042955
2025-11-03,5.283650000000023,18.688750000000027,11.918670000000024,7.44028416666669,51.881970508266576,94.9209923894502,75.81121074717508,2.1488900735088405,7.968216,0.5211532014710001,1.6072646408986597,1.3287203576886562,-0.8075671562176561,-223.3506974666472
2025-11-04,6.39196000000004,11.028099999999997,9.282103333333351,6.1856445833333495,70.46132238009484,92.97015413661464,81.20926816689068,1.441784390946733,1.763952,0.5685716795,1.0783841853689682,0.725859235841219,-0.15728755634121905,-223.50798502298844
2025-11-05,5.714040000000011,11.56854000000004,8.228406666666693,4.012793750000019,55.851637002950575,94.59452802715867,75.9615410930797,0.7597812294430549,7.163652,0.0098288056,0.5682791874543554,0.6365156592718,-0.6266868536718,-224.13467187666024
2025-11-06,3.4922000000000253,12.058860000000038,7.504688333333358,3.3546341666666897,53.975749065067205,92.8730001821072,76.37087595579072,1.6654255802971167,5.918632,0.00614225833,1.2456568533954258,0.8890226328119364,-0.8828803744819363,-225.01755225114218
2025-11-07,2.6632299999999987,13.11596000000003,7.326487083333362,4.759180000000022,64.86434287585254,94.83517222747936,84.61929450375523,1.4485739311161014,6.677736,1.10962988424,1.0834624292385435,0.7355834661630309,0.37404641807696914,-224.6435058330652
2025-11-08,5.277250000000038,13.798730000000036,9.312177083333353,7.305063750000021,66.49434996929497,96.64649544079448,88.01643107980306,1.7897742719038303,5.206364,2.30474469246,1.3386635909783942,0.8019313853998304,1.5028133070601695,-223.14069252600504
2025-11-09,5.667500000000018,12.960570000000018,8.919361250000028,7.001986250000023,67.23075589572278,99.09758997322032,88.55584252313552,1.345215507556346,4.904804,0.2094328220407,1.0061553852093605,0.6790771191028407,-0.4696442970621407,-223.61033682306717
2025-11-10,6.659940000000006,8.890620000000013,7.763475833333355,7.038059583333357,87.99475154208977,99.44420861484308,95.2256289989977,0.966828989510554,1.372436,5.4042846503,0.7231407822079559,0.4716865532414866,4.932598097058514,-218.67773872600867
2025-11-11,6.135100000000023,8.624780000000044,7.5097958333333565,5.688255416666689,76.00745258183437,95.93486614061736,88.45103030759958,1.0964740441222482,1.793064,0.9622037277,0.8201089401949793,0.5581230011520839,0.40408072654791605,-218.27365799946077
2025-11-12,4.250400000000013,9.395960000000002,6.618631250000017,3.534216666666689,60.99157169043059,93.83849852017909,81.34200360026668,1.2204078981028574,3.782476,0.13885200295,0.912805399529483,0.6441959160148255,-0.5053439130648255,-218.7790019125256
2025-11-13,2.203450000000032,11.011870000000044,5.532074583333355,2.764595000000019,62.16271894817327,95.21649587431554,83.40321769605605,1.049305707482037,7.1749,0.005632638951,0.7848293320910499,0.5231474653448162,-0.5175148263938162,-219.2965167389194
2025-11-14,1.2048000000000345,10.793900000000008,5.375432500000014,3.444349583333353,70.49848893566606,99.0088165366239,87.99252279556565,1.057857502100833,6.40482,0.0163433576369,0.7912256560707936,0.4669226346511847,-0.45057927701428474,-219.7470960159337
2025-11-15,0.3440200000000004,13.64688000000001,5.643772916666687,3.3562462500000287,59.741073938524615,98.31234621598838,86.65070120764058,1.0974786204041824,6.84378,0.0076293944299999,0.8208603141051402,0.5744309947015898,-0.5668016002715899,-220.31389761620528
2025-11-16,2.5982999999999947,14.002160000000003,7.36526916666669,4.46373875000003,59.99438402652364,96.73718986659652,83.02216338520405,1.504023485983682,5.726336,0.00476539077,1.1249359834193342,0.7104358047751802,-0.7056704140051802,-221.01956803021045
2025-11-17,3.813350000000014,17.11288000000002,10.124885416666688,5.004813333333352,53.97666331130719,93.57503308429352,72.40717343999324,2.342176240804738,6.01448,0.164347891409,1.7518332375427175,1.118154734429711,-0.953806843020711,-221.97337487323117
2025-11-18,2.497029999999995,10.505100000000027,6.945580416666689,3.942677916666689,75.76826449567348,89.33274542399103,81.21242285726957,2.074389425457111,2.116704,2.156996409687,1.5515418010876598,0.6840722289948616,1.472924180692138,-220.50045069253903
2025-11-19,1.4253199999999993,7.622640000000047,4.072783750000023,2.0621708333333597,72.17104583726474,99.4777918809639,87.2983801522689,1.0299694397262609,4.323624,3.889286423961,0.7703667498333818,0.4112318048589417,3.4780546191020583,-217.02239607343697
2025-11-20,2.048969999999997,12.616970000000038,6.654357083333359,4.207752083333354,64.02018918002739,96.71769085895276,85.36274041463908,1.4236717206785938,6.714684,0.037270784781,1.0648367941677512,0.5335870332768818,-0.49631624849588185,-217.51871232193284
2025-11-21,4.532980000000009,15.437280000000044,9.079267500000022,6.4498012500000215,62.23138528985884,97.13293406300735,84.79828017069039,1.6475400462581635,6.875044,0.759847904979,1.2322793489810377,0.6509095206452572,0.10893838433374281,-217.40977393759908
2025-11-22,5.359030000000018,8.886380000000031,6.931138333333355,5.820406250000024,85.20761831915414,98.298702779278,92.74548666345898,1.4560591310269888,2.971352,12.3783172908,1.0890609925597388,0.4199818679877619,11.958335422812238,-205.45143851478684
2025-11-23,1.148300000000006,5.742520000000013,3.660162083333357,1.1748416666666917,69.71169925280343,95.28136034425007,84.33530356557135,1.8065352305005944,3.11432,3.0666589848,1.3511999679816893,0.5203822113529737,2.546276773447026,-202.9051617413398
2025-11-24,-0.4862399999999525,5.88223000000005,1.8071645833333605,-2.3689079166666454,55.27767480315426,86.72330566611977,74.5390764019102,1.6524638857949876,6.80824,0.032320619123,1.2359621400565597,0.4873634571964778,-0.4550428380734778,-203.36020457941328
2025-11-25,-0.0985999999999762,11.44885000000005,4.531307916666695,-0.0028758333333058,57.010695771490816,88.85145069875635,73.33899959434535,1.941329492292479,5.822284,0.00044107438,1.4520194810153988,0.7066096130831692,-0.7061685387031692,-204.06637311811645
2025-11-26,0.3324200000000132,12.0813,6.124887083333353,2.8097341666666864,60.01697266349717,95.08208454532866,80.00957876524426,1.7026121881509964,4.500156,2.5002360708820004,1.2734706167215837,0.6628228310874313,1.837413239794569,-202.2289598783219
2025-11-27,4.767600000000016,6.38190000000003,5.187358333333354,4.458412500000023,92.76008909197162,97.25319258626672,95.03670393954988,1.212141849995582,0.810352,6.006795457999999,0.9066227999602564,0.40598659196085135,5.600808866039148,-196.62815101228273
2025-11-28,4.60748000000001,6.863550000000032,5.598901666666691,4.817752083333353,87.7835357217057,98.61643570611476,94.76103934845288,0.9016158885363356,1.303272,1.3466399483,0.6743645732192535,0.4027923096954495,0.9438476386045505,-195.68430337367818
2025-11-29,4.49212,8.065449999999998,6.556402916666687,5.996895000000014,90.98723559390544,99.492438368616,96.24520922652192,0.9193864330367464,1.174988,12.181171096,0.6876560710846555,0.39485463243703867,11.786316463562962,-183.8979869101152
2025-11-30,4.7917000000000485,6.713250000000016,5.653194166666694,4.75016416666669,88.68482057378392,98.76546793487408,93.95704961655218,1.256476646120363,0.959536,4.80078162,0.9397830583891378,0.4165088961854284,4.384272723814572,-179.51371418630063
2025-12-01,4.086720000000014,6.239430000000027,5.058250416666691,3.639089166666686,82.4682220580558,95.42794470405924,90.64326991097022,0.957967392943502,1.299992,1.4728754738,0.7165127415279248,0.43284103836217064,1.0400344354378295,-178.4736797508628
2025-12-02,2.941130000000044,7.66796000000005,4.768461666666688,3.199387916666689,75.27623246538464,97.98442113293656,89.86147773067707,1.113346260630527,3.2377,0.008213520138,0.8327285326728128,0.37557529222679925,-0.3673617720887993,-178.8410415229516
2025-12-03,1.2565000000000168,8.980430000000013,4.282876666666688,2.195068333333355,66.95705562613713,96.86199661662492,87.01135874651142,1.3100394555015358,4.780708,0.017154216067,0.9798454192548017,0.38099730091780437,-0.36384308485080435,-179.2048846078024
2025-12-04,0.8062400000000025,10.831140000000005,5.717630000000017,3.10927291666669,66.35347156630175,96.7597447123724,84.09046175952336,1.8717223240560537,5.685184,0.003457069389,1.3999567246935682,0.4604081444872327,-0.45695107509823274,-179.66183568290063
2025-12-05,5.73135000000002,12.141560000000029,8.036767500000025,3.8093825000000217,58.05176882573191,90.43837692796798,75.44177702973242,3.0056025953820087,5.515444,0.0019967555797,2.2480436927435368,0.8605158132844378,-0.8585190577047378,-180.52035474060537
2025-12-06,1.9149000000000456,7.862330000000043,4.679371250000028,-0.6438512499999712,55.48377258417375,81.4644570551662,68.89346008177604,1.9814145709225823,5.622148,0.0,1.482001158674976,0.5904389192575284,-0.5904389192575284,-181.1107936598629
2025-12-07,0.8259500000000344,7.935240000000022,4.38805458333336,1.6049608333333534,69.35545063125751,93.4615738874556,82.3792361879046,0.6823460310478864,5.240332,0.009971857239,0.5103614475588459,0.19708008197036195,-0.18710822473136196,-181.29790188459427
2025-12-08,4.2645200000000045,8.10256000000004,5.937781666666695,3.9444862500000233,72.63128546396466,94.66769789722692,87.30415152024206,0.7834240356504566,1.7578,0.176161527511,0.5859628497771687,0.4454715352161822,-0.2693100077051822,-181.56721189229944
2025-12-09,4.0231600000000185,8.630880000000047,5.5147841666666935,3.3501695833333613,69.52714191156551,93.7049842122109,86.38958914799139,0.9514332274237768,3.870784,0.0,0.7116255054021209,0.34211752292591774,-0.34211752292591774,-181.90932941522536
2025-12-10,1.858600000000024,9.685050000000048,5.003739166666688,3.2154383333333527,71.6965792883791,97.79003213601754,88.71483734366421,0.927985173389732,4.283648,0.0011503696261999,0.694087508176761,0.2907711112785996,-0.2896207416523997,-182.19895015687777
2025-12-11,0.8534800000000473,7.992000000000019,4.039217916666689,2.917412500000014,78.62167521515846,99.075912636052,92.71309000614004,0.9888044741874688,4.741564,0.08928775719,0.7395773695993908,0.20694098777527767,-0.11765323058527767,-182.31660338746306
2025-12-12,2.8073400000000106,7.803060000000016,4.973733333333359,2.8158033333333563,68.80609955072974,95.83765362109538,86.33325517969098,0.8368566734402986,2.605576,0.062498449091,0.6259278486611404,0.389424449071207,-0.326925999980207,-182.64352938744327
2025-12-13,0.3702600000000302,4.223780000000033,2.524522916666688,-0.1180791666666418,69.7973935671334,97.7907516129128,83.09972465395019,0.9655096266411708,2.608856,0.06983279989,0.722153963331264,0.34500602947896314,-0.2751732295889631,-182.91870261703224
2025-12-14,-2.1228699999999776,3.444700000000012,0.9360737500000176,-1.2777224999999817,71.40580400129784,94.89483484999069,85.49383972407624,0.860353043665672,3.156272,0.0104901801501,0.6435019840337525,0.28289038094454827,-0.27240020079444827,-183.19110281782667
2025-12-15,-2.5287999999999897,3.7369600000000105,0.0563287500000152,-2.9689212499999726,62.07581056874932,93.51357473796637,80.7610406694714,1.144011070826035,4.693556,0.0040582472275,0.8556643104283638,0.270320745470009,-0.266262498242509,-183.45736531606917
2025-12-16,-2.796119999999973,5.219629999999995,-0.3430037499999822,-3.0805437499999706,65.56779320018626,93.21446508568286,82.17353573984079,1.1278743882349291,5.707884,0.0,0.8435948613347024,0.20053337460715015,-0.20053337460715015,-183.65789869067632
2025-12-17,-3.2234299999999507,5.853360000000009,-0.3251004166666433,-2.9734579166666464,64.79782910360865,92.56681011102307,82.8698734624611,1.0191186953035043,5.559076,0.000435113801,0.7622509238760085,0.201477332077713,-0.201042218276713,-183.85894090895303
2025-12-18,-1.72811999999999,10.744700000000025,3.371347500000018,0.9470720833333508,70.93997828059211,94.50153856589051,84.55462820044315,1.3363429108966585,4.769172,0.002425414759,0.9995191169982158,0.33697348096531204,-0.33454806620631206,-184.19348897515934
2025-12-19,-0.3488199999999892,8.713900000000024,3.2763866666666863,1.7100858333333566,74.60646587399931,97.5000188464548,89.88709810232466,1.0254156445959617,5.101748,0.001302361341,0.7669607338695799,0.20025370477833102,-0.198951343437331,-184.39244031859667
2025-12-20,-0.9880399999999554,6.880179999999996,1.816293333333353,0.3226241666666851,75.28891178991479,96.59685952178089,90.18588534787268,0.9229943174940156,4.904324,0.02377033138,0.6903545921435518,0.1802885909878892,-0.1565182596078892,-184.54895857820455
2025-12-21,-1.082429999999988,5.92172000000005,1.5192487500000265,0.4995395833333589,79.323794942463,98.27691880877188,93.22932737651736,0.8709858817578121,4.423008,0.0287532804,0.6514548267168554,0.17784974310189122,-0.14909646270189122,-184.69805504090644
2025-12-22,-1.250739999999951,5.70455000000004,1.0990045833333564,-0.0333766666666477,76.77821317119673,98.70131851192956,92.51809396634415,0.7358632998685577,5.139812,0.01014172999,0.5503897463133189,0.12180992489583183,-0.11166819490583182,-184.80972323581227
2025-12-23,-2.292460000000005,3.75857000000002,-0.314439583333313,-1.5254929166666404,76.90985064064218,97.46863991494924,91.85501073467212,0.96043327921018,4.126304,0.037717818369,0.7183571038123283,0.20083188907036126,-0.16311407070136125,-184.97283730651364
2025-12-24,-2.302159999999958,3.529780000000017,0.89956000000002,-2.317326249999977,62.74898982601005,94.14842090227272,79.60468481906308,3.038942379790916,2.189716,1.65149569724,2.2729802203380465,0.6441771496553191,1.0073185475846809,-183.96551875892897
2025-12-25,-1.4966799999999694,3.4480800000000045,0.5885841666666872,-6.307215416666646,49.52110871333644,71.23697791958112,60.11774914116282,1.9639195935301028,4.56084,0.333479051653,1.468915771524232,0.6147148685989977,-0.2812358169459977,-184.24675457587497
2025-12-26,-1.7053599999999849,3.6983000000000175,0.5723345833333511,-3.489616249999971,59.89287679575772,89.23475017961164,74.45850814769716,0.9885013799810576,2.771724,0.10655224382,0.7393506699618284,0.3963361631507048,-0.2897839193307048,-184.5365384952057
2025-12-27,-2.0948999999999955,3.330600000000004,0.1762295833333548,-4.080234166666645,59.77131120369072,85.35630201239174,73.48958578064149,1.1132162611734686,4.410624,0.037491638306,0.8326312994391346,0.31741986971621117,-0.27992823141021117,-184.81646672661591
2025-12-28,-0.9137299999999868,2.036699999999996,0.2306745833333513,-6.351887083333314,47.08379485528021,80.6233485693663,61.92923417482442,4.316756148240137,3.937816,0.9282261021,3.2287224023140437,0.9694992144910204,-0.04127311239102038,-184.85773983900694
2025-12-29,-2.7362999999999715,1.8998000000000277,-0.7072308333333103,-7.153988333333309,57.00255092565275,71.93665857618318,61.699690296199215,2.934636142673319,5.59916,0.025707482556,2.1949642581392173,0.6354226983893676,-0.6097152158333676,-185.46745505484031
2025-12-30,-5.109699999999975,0.7762700000000109,-2.5885287499999805,-8.512930833333307,49.763462091532695,75.85002335939303,64.14800754505993,2.034414092609501,3.301144,1.3853817951699998,1.5216422079040934,0.6086467021990853,0.7767350929709145,-184.6907199618694
2025-12-31,-5.879799999999989,-1.772199999999998,-4.374242916666641,-11.917859583333312,38.88561549062447,67.36396818598872,56.29370936214699,3.070895766264865,5.006076,0.55053148992064,2.2968797901064932,0.7591211555596202,-0.20858966563898018,-184.8993096275084
2026-01-01,-5.9114399999999705,-0.4587199999999711,-2.871764166666644,-8.681559583333316,56.02306078623285,72.80659072860557,64.32647562184452,2.963795009547165,3.7357,0.3511428987508,2.216773663968189,0.6579490528034818,-0.3068061540526818,-185.20611578156107
2026-01-02,-3.6238799999999856,5.875100000000032,0.986797500000018,-4.918488333333315,51.81095618217454,89.13410889549633,65.40873793175236,2.124076310986589,3.753808,3.0637860578101,1.5887051605411795,0.6673428525188382,2.396443205291262,-182.8096725762698
2026-01-03,-9.824799999999982,0.915459999999996,-2.1136433333333144,-3.3783004166666424,80.27066885384627,98.14359165102366,91.20802690744992,1.4463087774229002,3.317232,9.796381564518,1.0817682050982929,0.2476736959788292,9.548707868539172,-173.26096470773064
2026-01-04,-9.501620000000004,-2.0334199999999782,-4.970419166666647,-6.327092499999975,84.25850307144842,94.10442575905256,90.20536069989504,1.0575462162051892,3.113824,2.687379732074,0.7909928294504622,0.20500345061909678,2.4823762814549033,-170.77858842627575
2026-01-05,-5.214579999999955,0.3977300000000241,-1.654308749999975,-2.753157499999972,88.34024572905462,94.48469744744872,92.1991508433442,1.2630584983908506,2.343828,5.767285871,0.9447059618714457,0.2613512825948432,5.505934588405157,-165.2726538378706
2026-01-06,-1.1773399999999583,3.643180000000029,0.3854145833333599,-0.592643333333316,81.56782686818242,97.61892252200802,93.2491638075203,1.1306461601816766,2.80208,3.955277609,0.8456680111423925,0.3047223713222391,3.650555237677761,-161.62209860019283
2026-01-07,-2.679239999999993,1.0952400000000466,-0.7030629166666481,-1.2325141666666422,91.39787759857938,99.15684696895048,96.22454584112528,0.7233074994440226,1.9857,6.47777317628,0.5409986218861939,0.26272008852857803,6.215053087751422,-155.4070455124414
2026-01-08,-6.988229999999987,-2.106999999999971,-4.192242083333309,-6.40687833333331,75.73415695306728,97.29151115877364,84.73611311702979,2.8995130713626924,2.59716,12.605044004,2.1686939191892334,0.35259580153700926,12.25244820246299,-143.1545973099784
2026-01-09,-8.011879999999962,-2.885229999999978,-6.068761666666643,-9.489979166666648,60.2715752474768,83.81042077655955,77.01185061433551,2.179558010110115,6.367184,0.600451248398,1.6302027570527653,0.3461483083039121,0.25430294009408794,-142.90029436988434
2026-01-10,-6.908359999999959,-1.2674299999999905,-4.653753333333316,-6.523748333333313,79.55937661005558,90.39745613720342,86.767482618075,1.2324121915477786,4.299696,0.9319782257,0.9217840237182433,0.23303289566903504,0.6989453300309649,-142.20134903985337
2026-01-11,-9.10424999999998,-5.150669999999991,-7.016794166666645,-10.296187916666646,56.471467222419285,88.97220947232584,77.63923358025698,2.114494740095353,5.127608,0.7825076516,1.581538614291282,0.3512036365962867,0.43130401500371335,-141.77004502484965
2026-01-12,-12.93832999999995,-4.655370000000005,-7.509977499999979,-10.953877499999978,67.37043948499245,84.95182046852685,76.4492421261087,2.5888056783505737,5.773424,0.2840817032,1.9362999905231906,0.32677154208652726,-0.042689838886527276,-141.81273486373618
2026-01-13,-16.07003999999995,-3.936929999999961,-8.809988333333308,-11.173652916666642,71.56188749925204,89.97557751635284,83.07828596080857,1.1169995572488407,3.388516,3.190094134878,0.8354610198063879,0.24601309335235777,2.944081041525642,-138.86865382221055
2026-01-14,-6.108499999999992,0.1517000000000052,-2.6551295833333106,-4.581883749999977,77.34154109004889,92.5391993915732,86.66389707824304,1.282969383615013,4.565536,0.4310421620699999,0.9595983298824033,0.26719848634932863,0.16384367572067127,-138.70481014648988
2026-01-15,-0.1361999999999739,0.6290500000000065,0.2171766666666907,-0.7378599999999764,91.20416582573742,95.81013128745468,93.28644429537697,1.2156360700435014,0.969,2.8335899043,0.909236305601971,0.34591045597621506,2.487679448323785,-136.2171306981661
2026-01-16,-3.395119999999963,2.7483799999999974,0.223094166666686,-2.4437041666666417,68.11814041948276,96.41643397987626,82.81116018547773,1.948751565035223,3.935616,3.570235589999,1.4575708283033086,0.44128418428070854,3.1289514057182917,-133.08817929244782
2026-01-17,-11.486199999999997,0.054770000000019,-6.131095833333312,-9.856650833333306,63.054611864044205,80.59902684767931,75.08551452681489,1.737730539212943,7.625472,0.0026941297691999,1.299737425156492,0.3470907354973749,-0.344396605728175,-133.432575898176
2026-01-18,-13.556299999999965,-2.251139999999964,-9.230599583333309,-12.978734166666648,62.918909420077625,78.33715591376203,74.36227845343667,2.095557174254206,7.853744,0.0004419486527,1.5673742415593321,0.36065067472013534,-0.36020872606743537,-133.79278462424344
2026-01-19,-16.106179999999995,-3.5260399999999663,-10.619864999999974,-13.689703333333307,68.67803783058356,84.42464586168967,78.2364051678908,1.5939183385804503,7.73158,0.0007301569,1.192172935071151,0.25396040198805686,-0.25323024508805686,-134.0460148693315
2026-01-20,-16.955899999999986,-2.3041000000000054,-9.871059583333308,-12.106907499999975,74.11601137250962,90.3466716576065,83.7410185423092,1.1687135507632889,7.124428,0.010988116608,0.8741405568567474,0.21340446795354692,-0.20241635134554692,-134.24843122067702
2026-01-21,-13.10006999999996,-0.5019599999999969,-7.705166249999979,-11.561355416666643,63.670679399454976,86.49949329723428,74.23431264403827,1.1275221953979584,7.7228,0.008553266554,0.8433314383236238,0.2741470788276564,-0.26559381227365636,-134.51402503295068
2026-01-22,-8.743139999999983,-0.8748999999999683,-4.537200833333313,-7.300257916666642,70.15871984354489,94.91700932274595,81.30575360232586,0.8831339250689282,3.271552,1.422634707022,0.6605409687725914,0.31805588364521814,1.104578823376782,-133.4094462095739
2026-01-23,-4.5797000000000025,2.4415800000000445,-1.595278333333314,-2.8580133333333086,82.86179691012755,97.00406110572872,91.22816356984072,0.9329472058122408,6.591232,0.129479172569,0.6977988656621947,0.2471361360791124,-0.1176569635101124,-133.52710317308401
2026-01-24,-5.531469999999956,4.036680000000047,-1.3067933333333055,-3.354361666666646,73.01194747198709,93.99699555902748,86.28924141947795,1.2754925823183425,7.368448,0.70639548321,0.9540060483137418,0.33582669183090125,0.37056879137909876,-133.15653438170492
2026-01-25,-4.002479999999991,7.441980000000001,0.5182437500000177,-1.783509999999976,60.65748284175297,94.03362051287672,85.31731666364504,1.4626182591490748,7.36814,0.0008976438703,1.0939668994908172,0.5140678327557943,-0.5131701888854943,-133.6697045705904
2026-01-26,0.2324500000000284,3.840450000000033,2.202125000000024,1.209903750000019,86.69565339436295,98.65334462159736,93.20223134809034,1.614701337138361,2.993848,8.597413121499999,1.207717601187754,0.3769918894084132,8.220421232091585,-125.44928333849882
2026-01-27,1.0918800000000033,3.727300000000014,2.26036958333336,1.546235833333353,86.43494575071176,98.65247894151908,95.08381944714152,1.085078023511893,1.849064,3.027418157,0.8115852743268281,0.39526813253138593,2.632150024468614,-122.8171333140302
2026-01-28,-2.4266399999999635,5.345450000000028,0.8414462500000278,-0.0432249999999759,81.81620612309894,98.9782722951326,93.97941965336922,1.112880475400419,6.217032,0.004470348329,0.8323801481091561,0.3543515513006658,-0.3498812029716658,-123.16701451700186
2026-01-29,-1.8729599999999775,5.261250000000018,1.511475833333359,0.293971250000015,80.57951215260903,95.91591596743903,91.74713996135414,1.1286960460450486,6.883008,1.466080542733,0.8442094211772014,0.3729931223436899,1.09308742038931,-122.07392709661255
2026-01-30,0.1656000000000403,3.65527000000003,2.081125833333357,1.110054583333356,89.11436889964786,96.30624349881148,93.30543143983004,1.2416880556828016,1.603956,2.200919447,0.9287219162711455,0.4001460828035253,1.8007733641964747,-120.27315373241608
2026-01-31,0.6654300000000148,3.56606000000005,2.0714845833333517,0.4859291666666886,82.92424252399869,94.14566006498522,89.25011903428582,1.4267797546183127,2.18524,2.242986601,1.0671614514946224,0.4537638175368409,1.7892227834631593,-118.48393094895292
2026-02-01,-0.8402499999999691,5.853420000000028,2.008346666666692,-3.147892499999972,54.3607168654032,89.5993239438098,69.8814824346261,2.2247310838989978,6.932508,0.452625740289,1.6639900061618011,0.7774791843930215,-0.32485344410402156,-118.80878439305694
2026-02-02,-1.7697799999999688,2.310820000000035,-0.1053170833333112,-6.038835833333306,48.77546099263674,85.19689294735913,65.14111426687201,1.2830961121710387,4.684868,0.6359517562,0.9596931166421374,0.6193676441950592,0.01658411200494081,-118.792200281052
2026-02-03,-2.9336999999999875,5.7114500000000135,1.139112500000022,-4.4237249999999735,48.67857870931483,85.65814343997845,67.80703149924238,1.4834598355755544,7.946356,0.0615625731289999,1.1095553789871975,0.6973196150328176,-0.6357570419038177,-119.42795732295582
2026-02-04,0.7012600000000475,8.592550000000017,3.391978750000021,-1.1570608333333088,59.595407549970666,89.71583887228375,72.80194139636221,1.711652797245453,4.857012,0.11707755449506,1.2802325500139558,0.7819490442306648,-0.6648714897356048,-120.09282881269142
2026-02-05,0.4963600000000383,11.574900000000014,5.410931666666684,2.633790000000021,61.61008378107349,93.73907475688196,83.21771319127244,2.0102895452572014,7.775136,0.8656323189,1.5035982267740011,0.8705182200606896,-0.004885901160689543,-120.09771471385211
2026-02-06,-0.1383999999999901,11.448500000000024,4.97961416666669,2.613575416666692,60.13422151589898,97.68788347984014,85.82944658082955,1.2197692543866965,9.286448,0.0081490124765,0.912327725275331,0.715118042820958,-0.706969030344458,-120.80468374419657
2026-02-07,0.7699800000000323,9.899620000000027,5.099449166666692,3.047399583333359,66.54595419071319,98.2349234268552,87.3214723814195,1.283504772797572,7.02542,1.48116051857,0.9599987747971317,0.6693346822338656,0.8118258363361345,-119.99285790786043
2026-02-08,3.467830000000049,6.877530000000036,5.1192812500000215,3.836122500000023,80.75802606631986,98.0409883760962,91.55524968216989,1.290195008849592,2.800152,3.860720905,0.9650027440453675,0.5333474873020853,3.3273734176979146,-116.66548449016251
2026-02-09,-0.7773799999999937,6.062620000000038,3.166685416666695,-0.9667216666666456,56.81616802586408,98.49988586673535,75.8713602671998,2.6369412841546707,6.509064,1.207360650521,1.972303068638225,0.8459843442163543,0.3613763063046457,-116.30410818385786
2026-02-10,-2.930999999999983,4.481070000000045,0.3961004166666863,-5.070614999999975,55.13586460619864,80.17144239056908,67.31109890768194,1.9723318823586689,6.823356,0.093340873786,1.4752077519981814,0.8250552503049517,-0.7317143765189518,-117.03582256037681
2026-02-11,-2.0887799999999856,9.32018000000005,2.621108750000026,-2.2686458333333093,53.57063068749613,88.50651695203744,71.26771666421467,1.9545821616817456,8.66928,0.00053942193,1.461931829333946,0.9693686932048272,-0.9688292712748272,-118.00465183165164
2026-02-12,-0.7102999999999611,11.60458,4.5666712500000175,0.9798829166666868,57.136149271538976,91.89929763259578,78.87759102292729,1.7103994551346124,7.847408,0.0030040737399,1.2792951114345992,0.9639232235980817,-0.9609191498581817,-118.96557098150983
2026-02-13,-0.7881199999999922,11.699370000000044,5.001033750000024,2.2818433333333537,59.15154011248563,97.45555158391518,84.06234229643711,1.13991489558716,9.5662,0.8914709380018434,0.8526005717543711,0.8335479753371806,0.05792296266466279,-118.90764801884517
2026-02-14,1.580600000000004,11.305319999999996,5.793809166666688,2.551912916666685,55.41504554500752,99.10479333916469,81.27507014197668,1.209489356508203,9.748476,0.23530721951,0.9046388646044953,0.8865531682917412,-0.6512459487817412,-119.5588939676269
2026-02-15,2.229030000000023,6.470060000000046,4.302592083333352,3.1810658333333586,89.65763589497489,95.55942398134265,92.42507815113542,1.7591475800154155,2.125316,12.670666112,1.315756323851617,0.5006934397101669,12.169972672289832,-107.38892129533707
2026-02-16,-2.446079999999995,4.665030000000002,0.8595000000000184,-3.041927083333313,55.00811551327492,97.54236885824672,76.4016484289009,1.3367971676143728,9.580308,2.215790790485,0.9998588787986324,0.7442684427371602,1.4715223477478396,-105.91739894758923
2026-02-17,-1.593969999999956,4.040120000000002,1.1149750000000225,-1.3185020833333043,70.53820098475721,99.38292019607846,84.25034901909886,1.3647329881913164,4.745516,4.2490390717,1.0207535058348562,0.5935283584293117,3.6555107132706888,-102.26188823431855
2026-02-18,-0.0837499999999522,5.983360000000005,1.7838287500000265,-1.928612499999981,46.21897817554156,99.00559139107892,78.57626941558787,2.1270724237474434,5.879116,4.147547516,1.590946106301985,0.9604319194897765,3.187115596510224,-99.07477263780832
2026-02-19,-2.5108999999999924,8.374080000000049,2.709293750000022,-3.203127916666638,45.10033552733303,85.80107655153645,66.82238418818015,1.873657662968041,10.68434,0.0042945146092999,1.401404263513604,1.1366661860808251,-1.1323716714715253,-100.20714430927985
2026-02-20,-0.5880999999999972,11.411580000000017,4.348676250000018,-1.5555379166666417,48.881153252793744,83.55907291555746,66.62671383642514,2.877096373405466,9.40196,1.013704221,2.1519273258504112,1.4817477634999254,-0.4680435424999254,-100.67518785177978
2026-02-21,-0.2082999999999515,2.750540000000001,1.0482266666666884,-4.58409333333331,54.15001188652283,85.20624917507757,66.64044731362593,1.3496630291411935,4.642854,1.3271898497,1.00948191376058,0.7600098706272477,0.5671799790727524,-100.10800787270703
2026-02-22,0.5007600000000139,7.231130000000007,2.968575416666686,-0.9675270833333088,54.95605401772181,90.27237893775126,76.3094827338172,1.2300933686767523,7.705854,0.2727135107939999,0.9200496576587351,0.891014554222807,-0.618301043428807,-100.72630891613584
2026-02-23,0.8561600000000453,6.858600000000024,4.704270833333354,2.84902250000002,76.22512230000959,96.59599719662128,87.83943273919571,2.0830852496697445,3.161826,6.532526075,1.5580458521569707,0.6823042548714607,5.850221820128539,-94.8760870960073
2026-02-24,1.3324200000000133,8.166530000000023,4.964807500000018,2.9524208333333632,78.86908901650577,95.80047283956895,86.97745227453896,3.1589809598753296,6.610776,8.433905272999999,2.362763205373817,0.8283504971797322,7.605554775820266,-87.27053232018703
2026-02-25,-0.1357799999999542,7.364400000000046,2.981879166666687,-1.3284216666666449,46.57135647818626,91.58989951370442,75.40241307320042,2.2255835631169107,9.098096,1.98295713026,1.6646276189093971,1.1937038958736912,0.7892532343863088,-86.48127908580072
2026-02-26,-2.43393999999995,5.30600000000004,0.8409229166666895,-5.838333749999976,39.17961982615162,88.97412339967367,62.98673082312475,1.3795631126215755,12.897374,0.045034288879,1.0318457133473429,1.086581327112142,-1.041547038233142,-87.52282612403387
2026-02-27,-1.84314999999998,7.41482000000002,1.6094658333333527,-5.356635416666639,43.552271752941394,74.56391402648124,60.82628782400062,0.9799153370261932,14.029668,0.00085830686,0.7329287299022995,1.1174215733599029,-1.1165632664999028,-88.63938939053378
2026-02-28,-2.2411299999999983,9.92977000000002,2.9022400000000226,-2.503443749999981,47.88349725978206,82.87761376593686,68.85215222295058,0.9590358418564926,13.835602,0.00084638588,0.717311889041158,1.167066090296272,-1.1662197044162719,-89.80560909495006
2026-03-01,-1.8343299999999656,11.230800000000045,3.657437083333363,-1.2248799999999822,49.64510887562391,84.09061270418384,71.84056519922085,0.7970726768347457,14.139132,0.0,0.5961713656255393,1.187057339246427,-1.187057339246427,-90.99266643419648
2026-03-02,-1.2385299999999688,10.90682000000004,4.393107500000021,-0.3705079166666418,51.11496939075587,88.02734320788745,72.53808724750972,0.5439842540774644,12.085178,0.0,0.40687360771167164,1.0609891682333659,-1.0609891682333659,-92.05365560242984
2026-03-03,0.137170000000026,10.965540000000033,4.684032500000019,0.7074254166666899,55.10138182633289,89.17867678215066,76.69031641289284,0.89487335341257,14.169088,0.0008523463,0.6693214868240753,1.2436879621364665,-1.2428356158364664,-93.29649121826631
2026-03-04,-0.3824199999999678,12.204499999999996,5.232633333333358,0.8291287500000308,50.47427878624214,92.05016026586485,75.0432357039178,0.7829850451575114,14.550074,0.0008523463,0.5856345063659819,1.2946158443873181,-1.293763498087318,-94.59025471635363
2026-03-05,0.5149800000000369,13.023680000000011,6.149906250000025,0.8628329166666878,45.72742017702807,85.7181671263176,70.97339486137832,1.2918975846489504,13.262002,0.027853250118,0.9662761874450525,1.489603552284141,-1.461750302166141,-96.05200501851976
2026-03-06,-0.4746999999999843,11.41476,5.570917083333353,-1.5884116666666372,38.483261968055366,83.4469867785387,62.16194771663484,0.9985916269909944,15.211006,0.0,0.7468976810616207,1.4508399977609188,-1.4508399977609188,-97.50284501628069
2026-03-07,-0.9614599999999882,12.349300000000028,4.6502887500000325,-1.5264629166666477,40.16745179872883,84.59162822232338,66.79509831232798,0.9973375707613036,15.690392,0.00169701546614,0.7459597083563025,1.5079150632079743,-1.5062180477418343,-99.00906306402253
2026-03-08,-2.424539999999979,12.8707,5.029012083333353,-1.5489587499999804,40.27703236440229,86.66748738124399,64.79084857624412,1.6768095148722006,15.7142,0.0017310710373,1.254171479500501,1.7455292986748907,-1.7437982276375907,-100.75286129166012
2026-03-09,-1.9183699999999817,13.159199999999998,5.438950416666685,-0.921733333333312,40.09889795611935,88.94813473755475,66.15242777033806,1.7913973152301752,15.912663,0.0008577296558434,1.339877547979378,1.8196403377277617,-1.8187826080719183,-102.57164389973204
2026-03-10,-2.540559999999971,14.258399999999996,5.300800833333352,-3.0847812499999754,28.69893717120315,87.62952054265507,59.17036367324232,1.995614496042176,16.440485,0.0021328964765,1.4926220079354804,2.1197550930816362,-2.117622196605136,-104.68926609633718
2026-03-11,-1.9675699999999663,14.57546000000002,6.493523750000023,-2.9115329166666464,29.51282571436232,78.05461396352888,53.93745716984967,1.1808480770762986,16.499426,0.0,0.8832165888592168,1.8465345885283053,-1.8465345885283053,-106.53580068486548
2026-03-12,-2.0043000000000006,14.551140000000032,6.397975416666692,-1.4799716666666427,32.817109944594584,82.79416795665041,60.00635997384103,1.0643068905622737,16.775103,0.0,0.7960494831047039,1.79763917031816,-1.79763917031816,-108.33343985518364
2026-03-13,-1.7156699999999887,14.535240000000044,6.207420416666686,-0.5840166666666491,38.08267891479697,92.18815764348096,64.88306546009231,1.5603967274943358,16.862478,0.0,1.1671004100179299,1.9513261391264674,-1.9513261391264674,-110.2847659943101
2026-03-14,-1.803259999999966,13.879800000000046,5.881725000000027,-3.2652145833333086,28.41839744621625,81.29297965444582,55.43361419819718,2.1296363657084325,17.50072,0.0,1.592863809448375,2.285878272126553,-2.285878272126553,-112.57064426643666
2026-03-15,-2.0536299999999983,11.947960000000023,5.432029583333358,-1.9504462499999773,38.44903831746692,88.92841789728924,61.69177711890939,2.443768878460274,17.294514,0.0008553265599999,1.8278195601063227,2.0799859216561822,-2.0791305950961823,-114.64977486153285
2026-03-16,-0.1949199999999677,11.980860000000009,5.589267916666688,-1.4798666666666378,37.74343569027455,82.39341100197808,62.39172658079252,0.9332503140876324,17.376354,0.000822544001,0.6980255758226662,1.745539087812106,-1.744716543811106,-116.39449140534396
2026-03-17,-1.2303999999999746,12.608300000000042,6.017946250000023,-1.9282399999999835,36.06243936452719,85.53282845108966,59.14213051830805,1.714087683742074,17.452266,0.0021387011293,1.2820537259870153,2.0267726301965663,-2.0246339290672664,-118.41912533441122
2026-03-18,2.7714000000000283,12.311120000000017,7.056019166666694,-2.772045416666643,31.10256784047989,66.93107492385263,51.32660820654544,2.921587152542429,14.828981,6.1611445e-06,2.185204251940962,2.4990698887680516,-2.4990637276235517,-120.91818906203477
2026-03-19,-1.165869999999984,8.63497000000001,4.534133750000019,-3.074828333333305,38.55159440872961,87.08712480965465,60.40057404807243,1.593096406436511,11.111791,0.0799596317,1.1915581700403763,1.5115078811421698,-1.4315482494421699,-122.34973731147694
2026-03-20,-0.8420799999999531,9.430700000000002,4.496373333333357,-2.416669166666646,40.01375473740495,86.10101197764718,62.90520431402764,1.377354159376759,11.798619,0.2558832308029999,1.0301935243928868,1.5322256017425844,-1.2763423709395845,-123.62607968241653
2026-03-21,-0.299539999999979,11.123860000000036,5.773804166666696,-2.2131833333333097,37.49409488160503,84.39576548025782,58.89988570110776,1.86495751622878,14.130906,0.490367415561,1.3948969794058546,1.8971532232559523,-1.4067858076949522,-125.03286549011149
2026-03-22,1.4519999999999982,10.87814000000003,7.014402500000027,-0.2837749999999772,42.94450966198525,89.98157038824549,61.88530067240703,2.2554234229452117,11.298042,0.13329386952,1.686946374150836,1.7809034479322685,-1.6476095784122684,-126.68047506852376
2026-03-23,1.1280800000000113,12.58752000000004,7.535098750000024,0.1066275000000326,42.23066175756519,85.66825614247313,61.292639145141855,1.3442088775563932,13.789762,0.0231891861,1.0054024752185995,1.8169967030784904,-1.7938075169784904,-128.47428258550227
2026-03-24,3.405020000000036,13.963700000000015,8.619682500000026,0.5000004166666917,38.48245460562418,79.36162216544575,58.762248472973226,0.8414020042877589,15.887734,0.0943467899371,0.6293275337554923,1.9320855272689705,-1.8377387373318705,-130.31202132283414
2026-03-25,3.814660000000004,13.73150000000004,8.662382500000026,0.0653041666666969,36.079109064330126,74.96855170166198,56.36448280052585,1.0016463505440147,14.645526,0.06547868534,0.7491824648274432,1.9519840304578926,-1.8865053451178926,-132.19852666795202
2026-03-26,3.131460000000004,15.686500000000024,9.689608750000014,0.8414979166666944,35.50733182304136,88.47493984088297,57.02186704605393,2.858286461539075,14.815964,0.08937595934963,2.1378584320461296,2.62347602723362,-2.53410006788399,-134.73262673583602
2026-03-27,5.661249999999996,15.553740000000005,9.900118750000024,1.0450041666666934,35.31759766591112,79.29232531225662,55.851775124697326,3.908474974749172,15.321146,1.2653631669113,2.923348059630646,3.0414051387985075,-1.7760419718872076,-136.50866870772322
2026-03-28,5.845200000000034,9.61877000000004,7.423362500000022,5.233512500000025,79.0873151519797,94.6207990722851,86.09189606017907,2.799308739147786,6.110136,8.88358337,2.0937459811726087,1.075465674960728,7.808117695039272,-128.70055101268395
2026-03-29,5.917439999999999,9.992400000000032,8.00093833333335,6.574740833333361,83.38761406049775,97.6095355247514,90.824419316133,1.5720893071324002,4.419414,9.50642855817,1.175845887529707,0.8709755581846377,8.635452999985363,-120.06509801269858
2026-03-30,5.6720000000000255,13.458100000000002,9.070823333333356,5.772092083333358,57.528012387253256,98.83671625009632,81.30939686840195,1.960740873635204,8.82389,2.12155586397,1.466538244561185,1.5845322058270415,0.5370236581429584,-119.52807435455563
2026-03-31,4.978850000000023,10.202200000000005,7.102100000000021,3.92617208333336,61.27424529917856,92.59005370088984,81.00636884357449,1.9478605709659045,6.212596,2.4253160033,1.4569044083311937,1.28327634312913,1.1420396601708698,-118.38603469438476
2026-04-01,3.158839999999998,11.092980000000011,7.341272500000019,3.210982916666692,55.498141112244525,92.99805392844164,76.45997023648398,1.1120104926975063,8.367988,0.1360603203499999,0.831729443611135,1.3622918407712665,-1.2262315204212666,-119.61226621480603
2026-04-02,2.617000000000018,12.962000000000046,7.959173750000022,4.897602916666688,60.02232319920206,95.20761592322002,82.17685188824295,1.6495240680603256,6.146734,4.338419550709999,1.2337633002211215,1.3185733470858376,3.019846203624162,-116.59242001118187
2026-04-03,7.568200000000047,13.663720000000012,10.05836375000002,7.956723750000028,70.2789163065998,94.97488576212184,87.26394049312461,1.9460717481114167,10.612624,9.12225242,1.4555664563538944,1.6468815731107957,7.475370846889205,-109.11704916429267
2026-04-04,6.661400000000015,15.904600000000016,10.845166666666694,5.4053470833333535,41.1531165287156,96.69974980358089,72.14167094875113,1.4858367075903296,17.460122,1.2024939221609998,1.1113331629661851,2.4898214694392613,-1.2873275472782615,-110.40437671157093
2026-04-05,3.864280000000008,17.840900000000033,11.069362500000024,4.422107500000027,40.53172464051725,87.8113153844593,66.18318126462592,1.422568780733253,18.144812,0.0033175784904,1.0640118490497879,2.6371317140981856,-2.6338141356077855,-113.03819084717873
2026-04-06,4.857700000000023,19.99966000000001,12.98436375000002,4.844030416666688,37.79035025277082,88.40283392086603,59.93893969580101,3.1035182113027786,19.562556,1.5751773251839998,2.321279782947208,3.500842148128503,-1.925664822944503,-114.96385567012322
2026-04-07,4.925200000000018,13.741720000000043,9.307110833333349,-4.573503749999975,26.22363465902315,61.496980944289824,38.29344853213493,3.1542958674136963,19.098152,0.0019783346986,2.359258985429877,3.3332227626290125,-3.3312444279304123,-118.29510009805364
2026-04-08,3.165430000000015,9.260580000000004,6.001702916666687,-4.35652874999997,33.69514240466142,65.45177342096575,48.22609242415214,4.170420062991535,16.591812,0.4727445442508,3.1192701700164838,2.8236737186458987,-2.3509291743950986,-120.64602927244874
2026-04-09,0.5286500000000274,8.569880000000012,4.481412916666687,-2.047045833333314,48.0201786315716,77.97657657564672,63.36121567217285,1.93114220129264,16.574596,0.9382754865609,1.4443998857590203,2.0416144793320403,-1.1033389927711403,-121.74936826521989
2026-04-10,-0.4605999999999994,9.86343000000005,5.261054166666686,-3.634456666666644,34.19097355475779,79.77970223017323,54.98196913559337,0.8251634795812118,19.982618,0.3400892025816,0.6171819117420894,2.1634953295840096,-1.8234061270024096,-123.5727743922223
2026-04-11,2.983000000000004,11.03063000000003,6.642745416666688,-1.2108466666666426,39.11513296622636,84.54412717379778,58.69684484710661,1.118536957766148,17.267772,0.6265938224229,0.8366109201762716,2.1835948148682154,-1.5570009924453154,-125.12977538466761
2026-04-12,2.681730000000016,12.948200000000044,7.6568283333333556,-2.4111641666666443,30.06030921502741,80.36932316976254,51.83985885383135,1.1580967378824558,19.426144,0.0025629988013,0.8661997002476715,2.5102757388587187,-2.5077127400574186,-127.63748812472502
2026-04-13,-0.0171599999999898,16.646140000000003,9.494300416666688,0.0283770833333605,33.93987691644927,81.53277278854775,54.12704453557205,2.413239839404034,21.657946,0.001746416221,1.804985332520364,3.2237374645317893,-3.221991048310789,-130.85947917303582
2026-04-14,5.866000000000042,17.90646000000004,11.472997083333354,2.325917916666685,37.1738640521039,78.6539315174311,55.419648330639006,2.589872286432223,21.418938,0.180378556,1.9370977611846427,3.4872420683020446,-3.3068635123020447,-134.16634268533787
2026-04-15,4.705900000000042,20.36600000000004,13.243028333333362,4.440775416666692,32.5957112308142,85.54702077098082,58.24102650259662,1.0532337067034658,21.111396,0.00085234933,0.7877672833319763,3.108777175803276,-3.1079248264732757,-137.27426751181113
2026-04-16,9.293000000000006,21.02432000000005,15.037606666666692,7.099290833333353,40.457095926429766,84.5347271308794,61.10922379044889,0.9607059453980674,20.197458,0.13027191474,0.7185610447807208,3.1293348223847337,-2.999062907644734,-140.27333041945587
2026-04-17,7.562460000000044,18.235220000000027,13.14255583333336,6.901409583333357,40.404308864952405,90.31720563903856,67.87215625739414,1.6779764009071567,16.278744,1.122832291981,1.2550442531649448,2.7953803886620703,-1.6725480966810702,-141.94587851613696
2026-04-18,4.95455000000004,16.95565000000005,11.429429583333354,1.7537154166666842,29.519489174780908,89.49164332442265,55.79171380825286,2.350433055827454,21.880858,0.0074803828389999,1.7580089312164204,3.4333245425626786,-3.425844159723679,-145.37172267586064
2026-04-19,5.661740000000009,18.55477000000002,12.697985833333355,2.7454166666666944,32.47913151380241,74.59759295646913,52.89115015317159,0.922627658514077,23.209082,0.0005698758468434,0.6900803491652867,3.218031702501693,-3.2174618266548496,-148.58918450251548
2026-04-20,5.168420000000026,15.84408000000002,11.071052500000023,3.864814583333356,41.54814920339703,84.00256099366192,62.43141372979768,2.682058338142225,14.008972,1.1951873353000002,2.0060484176766264,2.7234558889055043,-1.528268553605504,-150.11745305612098
2026-04-21,5.25356000000005,12.891750000000002,8.205284583333354,4.82222500000002,54.92417283824465,94.91284687364944,80.39808332712914,1.2916199160527695,18.78831,12.234822169,0.9660685049199985,2.4469235964183196,9.78789857258168,-140.3295544835393
2026-04-22,3.55197000000004,12.195250000000044,7.672530000000026,0.9512583333333544,35.46769458194395,94.88048782785349,66.29402928639463,1.7465846367936555,18.025138,2.6487291386,1.3063598569616277,2.536383582131781,0.11234555646821898,-140.21720892707108
2026-04-23,1.124840000000006,14.557700000000011,9.417787916666684,-0.7811387499999777,31.372242811204917,88.2492849414301,52.83648335938409,3.1225141836504613,17.47754,0.287145376104,2.335487840888518,3.055181955125941,-2.768036579021941,-142.98524550609304
2026-04-24,3.652670000000001,16.57235000000003,11.48454708333336,1.1425279166666868,33.22034157063742,81.55192754521849,51.36147471393659,2.644910908862426,18.895834,1.4901161e-05,1.9782639580070758,3.292640692522149,-3.292625791361149,-146.2778712974542
2026-04-25,5.303520000000049,19.701930000000004,13.227054583333356,3.03630333333336,31.990559882051315,83.18262201298778,52.95454298384266,2.390102843537772,18.891914,0.0005811453,1.7876799915860369,3.5554187449934753,-3.5548375996934753,-149.83270889714768
2026-04-26,4.902860000000032,20.18900000000002,12.055905833333354,-0.6687162499999767,26.89431774816273,67.15558903239004,43.53094992101541,4.201795017548246,23.52959,0.00085830686,3.1427371010105216,4.823071287530952,-4.822212980670952,-154.65492187781862
2026-04-27,2.971280000000036,15.725850000000037,9.760832083333352,-3.183427499999979,29.184730158428508,64.46078706854338,41.53076827620381,1.16489041038633,24.691716,0.0,0.8712810349012832,3.302778708395762,-3.302778708395762,-157.95770058621437
2026-04-28,4.443200000000047,17.303300000000036,11.328280416666692,-1.397497083333311,29.006706316771936,69.12639652320335,42.84558770239202,1.3636362706256653,23.64812,0.0,1.0199332147524718,3.458219892722484,-3.458219892722484,-161.41592047893687
2026-04-29,5.353660000000048,16.878750000000025,11.045525416666692,-0.8557054166666447,25.71402333299745,69.1553672291603,46.07866500223222,2.166256579636037,22.627582,0.1682579458999999,1.620253937828407,3.723656488671145,-3.555398542771145,-164.971319021708
2026-04-30,3.5665500000000065,12.399200000000008,7.787640833333353,0.7199812500000272,48.89588541271412,75.22750224950919,61.46906049390029,2.25674694609644,20.559336,2.1729498875,1.6879363047148066,2.853747437798313,-0.6807975502983128,-165.65211657200632
2026-05-01,1.9309600000000275,11.78860000000003,7.784212916666689,-1.695494166666644,32.74438430314134,83.59455358661467,53.55362677757021,1.429393816347716,17.724568,0.489950181,1.069116641775685,2.5173841907296315,-2.0274340097296317,-167.67955058173595
2026-05-02,4.604880000000037,14.37130000000002,9.74240500000002,-0.486077499999979,35.83277556474386,70.06653024548955,49.92809517012305,1.7517661386189085,17.250864,0.650557862111,1.3102353668228104,2.8513966986332258,-2.200838836522226,-169.88038941825818
2026-05-03,2.303670000000011,15.668240000000026,9.950056250000024,-0.609857083333317,30.51504558704332,80.46116374071356,50.75449442298441,1.4083048936429912,26.621696,0.0097937022185,1.0533431593645524,3.5263492450936007,-3.5165555428751007,-173.39694496113327
2026-05-04,6.241600000000005,22.82217000000003,15.312623333333356,2.714089166666684,29.11217357077933,67.62149344593111,44.742583723131496,2.0164209366054964,24.624652,0.1106851703,1.5081842075252339,4.423149191754705,-4.312464021454705,-177.70940898258797
2026-05-05,9.89715000000001,25.295000000000016,17.86595625000002,3.058450000000022,22.219534582108828,50.77250933356309,38.75600647940349,1.1186531633389936,26.848844,0.0008523463,0.836697836259422,4.521097527555708,-4.520245181255707,-182.2296541638437
2026-05-06,8.551900000000046,26.20455000000004,18.477888750000027,4.222368333333352,21.657744606868757,71.30103493350927,42.943701618261976,1.8246129681255756,25.701618,0.0008672476,1.364721231274898,4.913257174744192,-4.912389927144193,-187.1420440909879
2026-05-07,11.18942000000004,25.01430000000005,17.755698750000025,10.263567500000027,36.81336861096441,85.46044083232121,63.968996575265386,1.766763179953908,19.180444,1.98900542797,1.3214524200136615,3.917508161998009,-1.928502734028009,-189.0705468250159
2026-05-08,13.581320000000003,22.349630000000047,17.612809583333355,10.466493333333354,40.36590987532011,90.66745553744876,65.47902495333113,1.8478405155014468,18.732548,0.1832603860602999,1.3820943003081951,3.671460236716667,-3.488199850656367,-192.55874667567227
2026-05-09,11.353780000000029,17.529440000000022,14.820918750000027,11.978805416666685,63.85611262114995,97.689672493629,83.69105919887157,1.331530672235589,7.447448,6.0470611769,0.9959197979177041,1.6899676279942257,4.357093548905774,-188.2016531267665
2026-05-10,8.42007000000001,21.55547000000001,15.415602500000016,9.98851750000002,43.812574663069206,99.37131940995712,72.99940118191621,1.0820378387591358,22.568496,1.14666516967,0.8093113648722942,3.6092591424058145,-2.4625939727358146,-190.66424709950232
2026-05-11,8.672630000000026,22.919700000000034,16.75760333333336,9.921799166666686,39.01894589309865,96.1796142996048,66.60760380758202,2.153846611870079,21.491068,0.98831353332,1.6109718890950593,3.9939956298558132,-3.0056820965358133,-193.66992919603814
2026-05-12,11.537840000000015,19.67574000000002,15.495464166666686,8.909974166666688,42.70558103040316,83.5689621051089,66.27736536996035,3.370909710508796,18.27758,0.3605783017107,2.521275542269117,3.8103538465716684,-3.4497755448609686,-197.1197047408991
2026-05-13,5.960300000000018,11.44198,9.326877083333349,5.282493750000017,60.23589328532969,93.24967340962368,76.58897754763196,3.001218699075208,6.909108,8.531361866000001,2.2447647527874404,1.638365967222029,6.892995898777972,-190.22670884212113
2026-05-14,5.00033000000002,16.741480000000024,10.982280416666692,2.530501250000029,35.23843786734965,81.84846526700768,58.50335579855717,1.1794672086893871,20.87398,0.04353523434,0.8821837668645609,3.176840488054047,-3.1333052537140467,-193.36001409583517
2026-05-15,5.254999999999996,20.97750000000002,14.353310833333358,5.43428958333336,35.76295103276774,85.73918002619813,57.90681023288501,1.5507784354168497,23.953704,0.00276565561,1.1599063981172948,3.900620821403685,-3.897855165793685,-197.25786926162885
2026-05-16,8.822720000000004,22.431480000000025,16.375793750000025,8.683296250000026,36.67615777329851,87.78930757501645,63.37637863488478,2.3623232144345008,22.52626,1.772010351007,1.7669021881304785,4.247321916411666,-2.475311565404666,-199.73318082703352
2026-05-17,11.455500000000027,19.400230000000025,15.292497916666695,8.651058333333355,45.22442277387015,83.6767377562563,66.27876859423422,3.015975638268888,19.76284,0.81458984897,2.2558022213235414,3.8139935755318173,-2.9994037265618174,-202.73258455359533
2026-05-18,11.268760000000045,20.38906000000003,15.407650000000029,8.917552916666688,45.425258378654185,93.37635541584956,67.18680637437687,2.749408310407281,23.074752,0.6520583925222,2.0564229018448064,4.068888183588247,-3.4168297910660472,-206.14941434466138
2026-05-19,12.409140000000036,19.04498000000001,15.094497916666691,9.131917083333358,49.69630168414531,85.34460049871718,68.42108764153873,0.8476165773423222,10.251864,0.53703243460895,0.6339757303533627,2.1771418759733083,-1.6401094413643582,-207.78952378602574
